{"type":"FeatureCollection", "features": [
{"type":"Feature","geometry":{"type":"MultiPolygon","coordinates":[[[[-88.2212368935464,42.028129428588],[-88.2212352766469,42.0281332002767],[-88.2212387341569,42.0281292588733],[-88.2212368935464,42.028129428588]]],[[[-87.6740162839072,41.4697717159636],[-87.6450169413084,41.4697690794481],[-87.6450508415406,41.4770420389056],[-87.6547482671678,41.4770408244168],[-87.6548208741837,41.4913985774645],[-87.669411261626,41.4913996765848],[-87.6693316307434,41.477056981273],[-87.674008541196,41.4770626154746],[-87.6740162839072,41.4697717159636]]],[[[-88.2143092344505,42.0221042605008],[-88.2165781023889,42.0202307598263],[-88.2168832160095,42.0202912706183],[-88.2177580246361,42.0196133086264],[-88.2178486945882,42.016409375378],[-88.263241298098,42.0155970806692],[-88.263169729569,42.0099837708514],[-88.2630556546671,41.9976623843069],[-88.2629312324199,41.9874668739066],[-88.2629247609752,41.986454940719],[-88.2425148176398,41.986736298054],[-88.2377533267471,41.9868963993644],[-88.2249683148903,41.9870960045474],[-88.2228413092603,41.9871258785787],[-88.2073326460632,41.9873397324392],[-88.2032072116468,41.9874625648549],[-88.1961761896203,41.9874569526271],[-88.1755110010187,41.9877036239101],[-88.1662639747107,41.9878008222073],[-88.1502315448426,41.9881569587371],[-88.1464511870223,41.9882234171064],[-88.1449036877307,41.9882486726735],[-88.1246173132502,41.9890083753024],[-88.1086291441446,41.9895716298516],[-88.104185591266,41.9897765516716],[-88.0933560645089,41.9902188820732],[-88.0557758096213,41.9916928838711],[-88.0481914542375,41.9918843994958],[-88.0456523796416,41.9919794289414],[-88.0391677821179,41.9922348437332],[-88.0314515807716,41.992522506277],[-88.0314510415335,41.9925393131349],[-88.0156314566206,41.9924731252442],[-88.0156314762374,41.9924691804996],[-87.982232654029,41.992844580475],[-87.9768425430111,41.9928562682112],[-87.9759421148975,41.9929553471583],[-87.9604609919964,41.9931532568168],[-87.9389033211727,41.9935499555405],[-87.9203709479302,41.9938950426235],[-87.9204011301122,41.9382959349088],[-87.9203254016327,41.9257150664071],[-87.9204113407072,41.9102124756846],[-87.9204561203559,41.901089047086],[-87.9203760346561,41.8973059829686],[-87.9205485414361,41.8905521418667],[-87.9205112051278,41.8792015927431],[-87.9205112566615,41.8765904300417],[-87.9201128843854,41.8629035275842],[-87.9192907501244,41.8385761939142],[-87.9192700929954,41.8381871180041],[-87.918247317907,41.817714847113],[-87.9181878299529,41.8164172697974],[-87.9179573331487,41.8113894120114],[-87.9177698943564,41.8072951079201],[-87.9176005846012,41.8035557378757],[-87.9175080876331,41.801304566354],[-87.9173581813702,41.7976527368083],[-87.9169346462597,41.7871983348579],[-87.9162351479026,41.7688886973751],[-87.9161221047044,41.7658618253426],[-87.9159916956123,41.7623698987875],[-87.9154137024811,41.7459162957589],[-87.9152554923362,41.7416723104326],[-87.9149752467024,41.7341816817073],[-87.9145776411574,41.7238642960531],[-87.9141820357256,41.7168503933811],[-87.914253216176,41.7166060640362],[-87.9147218617191,41.7166002252469],[-87.9151840952466,41.7165947042565],[-87.9157403533202,41.7164221186127],[-87.9163096656021,41.7162482054741],[-87.916667710355,41.7161404168773],[-87.9169087899648,41.7161366596762],[-87.9171437406614,41.7161603231371],[-87.9173664604898,41.7161992072168],[-87.9176696922839,41.7162843497513],[-87.917888386781,41.7163796486765],[-87.9180703000482,41.7164633223672],[-87.9183189554828,41.7164920070584],[-87.9186267894167,41.7164670471895],[-87.9191130583596,41.7164259207566],[-87.9195447254703,41.7164387963114],[-87.9201514779221,41.7164581316198],[-87.9206288641536,41.7164097629495],[-87.9210690863815,41.7163019126953],[-87.9213196572597,41.7162100184776],[-87.9215998791228,41.7160633432192],[-87.9220442717329,41.7156598018668],[-87.9225910682984,41.7151713788575],[-87.9229565106584,41.7147977393961],[-87.9231727813045,41.7145185891008],[-87.9235440775678,41.7140871660026],[-87.9237005690472,41.7138844714263],[-87.9239088592765,41.7136714984009],[-87.9242873538464,41.7132946421948],[-87.9244645808921,41.7131424475672],[-87.9247533009709,41.7129518853447],[-87.924917054925,41.7128665353524],[-87.9250036400441,41.7128213899408],[-87.9252029691078,41.7127572630424],[-87.9254599536779,41.7126977999979],[-87.9257817834842,41.7127006570271],[-87.926101262567,41.7127132815306],[-87.9264337223169,41.7127365854205],[-87.9266094069857,41.7127553885963],[-87.9267493127278,41.712712488826],[-87.9269261443896,41.7126582275629],[-87.9270520423647,41.7125495852785],[-87.927335384767,41.71233892955],[-87.927643346297,41.7121079490085],[-87.9283608003956,41.7115520066032],[-87.9286379885002,41.7112993032356],[-87.9289462821731,41.7110503105942],[-87.9293160997702,41.7107725463434],[-87.9296922195919,41.7104382010163],[-87.9301026190658,41.7101487417666],[-87.930528970904,41.7099066768146],[-87.9307134556297,41.709798064275],[-87.9310005508338,41.7096791764074],[-87.9315013482002,41.7095010028233],[-87.9320050544221,41.7093331284834],[-87.932324676779,41.7092097198091],[-87.9328620194008,41.7090429881975],[-87.9332806720828,41.7088953943722],[-87.9335021510844,41.7087995986828],[-87.9337380941864,41.7086966489655],[-87.9339078781649,41.7086318895998],[-87.9340846742415,41.7085066073254],[-87.9342716116404,41.7084069166665],[-87.9344252176262,41.7082559966561],[-87.9346853601173,41.707977491154],[-87.9347454993046,41.7078018904055],[-87.9349324635449,41.7075119815965],[-87.9350328089604,41.7072747723803],[-87.9352106834183,41.706936634086],[-87.9355159221778,41.706581612805],[-87.9357172730189,41.7062588203494],[-87.9358148789035,41.7060939829366],[-87.9360969192523,41.7057881064439],[-87.9362899012367,41.7055970124374],[-87.9365496104722,41.7053859089823],[-87.9367337577482,41.7052539585953],[-87.9369560571885,41.7050962397757],[-87.9370875984302,41.7050325443986],[-87.9372361269187,41.7049606743936],[-87.9375156703956,41.7048360838828],[-87.9376901164803,41.7047926035863],[-87.9378395758163,41.7047553833289],[-87.9380453094953,41.7046857673851],[-87.9382367305948,41.7045986066806],[-87.9384642558396,41.7044836117225],[-87.9386936241058,41.7044039560552],[-87.9388706882725,41.7043062821784],[-87.9391374973713,41.7040547181241],[-87.9395138886445,41.7038486391559],[-87.9398744506244,41.7036857281585],[-87.9401612333166,41.7036108971835],[-87.9406443578511,41.7035041474872],[-87.9408477937311,41.7034348616959],[-87.9410367940157,41.7033305358867],[-87.9414199057832,41.7031467713734],[-87.9420669410398,41.702919994944],[-87.9424310926662,41.6990258083841],[-87.9426611839838,41.6988982926316],[-87.9431098713378,41.6986514537395],[-87.9433020259554,41.698514545705],[-87.9435879740213,41.6983081461683],[-87.9439796875534,41.698020116945],[-87.9444162274169,41.6976984483117],[-87.9448832945629,41.6974372568096],[-87.9453475189504,41.6971153351272],[-87.9457735847183,41.6967826485271],[-87.9461317392728,41.6965540167239],[-87.9465306902196,41.6962766374268],[-87.9471873320053,41.6958448957136],[-87.9479103637022,41.6954077126622],[-87.9483029073653,41.6951661536981],[-87.9488826363145,41.6948876564497],[-87.9503492700344,41.6942785054415],[-87.9504719753552,41.6942324318887],[-87.9506653218746,41.6941598360451],[-87.9508153562565,41.6940973870291],[-87.9510041607461,41.6940187722332],[-87.9511708926435,41.6939575789507],[-87.9513130836292,41.6939055660281],[-87.9516068388468,41.6938417068833],[-87.9519673143768,41.6937175212196],[-87.9523637081232,41.6936335895912],[-87.9528580404783,41.693550495438],[-87.953089435565,41.6935056364699],[-87.953250266536,41.693474436952],[-87.9535535957911,41.693416264705],[-87.9538745500209,41.6933572922423],[-87.9541890196812,41.6933113331463],[-87.9544656583219,41.6932775980503],[-87.9546401549115,41.6932572475082],[-87.9549221106264,41.6932142666554],[-87.9553007306098,41.6931162015705],[-87.9557296871477,41.6929411158174],[-87.9564443805662,41.6924271811187],[-87.9569115145827,41.6920218622861],[-87.9573546035762,41.6916577996287],[-87.9577436165196,41.6913837790258],[-87.95805660946,41.6911566773984],[-87.9583740958393,41.6909829328729],[-87.9587630555805,41.6907955271592],[-87.9591854358333,41.6906058276206],[-87.9595076934877,41.6904765196462],[-87.9598320221954,41.6903449877101],[-87.9601117254712,41.6902138245097],[-87.9604292859035,41.6900254951471],[-87.9606949609394,41.6899059484899],[-87.9610780381443,41.6897046225452],[-87.961379477384,41.689573012076],[-87.9615904974649,41.6894467686032],[-87.9618242481809,41.6893070479865],[-87.9619909074476,41.6892147932305],[-87.9621458054991,41.6890984871736],[-87.9622858336704,41.6890212399024],[-87.9625225225392,41.6888873590847],[-87.9627397517618,41.6887549587258],[-87.9629635568723,41.6886328704618],[-87.9635204630109,41.688322665356],[-87.9643293221896,41.6878880557124],[-87.9665818639521,41.6866366374418],[-87.9669922324547,41.68665972954],[-87.9690358683314,41.6867705109459],[-87.9696305607079,41.6868123590747],[-87.9698057071429,41.6868352110718],[-87.9701783453691,41.6869357004015],[-87.9705349397421,41.687041112016],[-87.9708203735809,41.6871462980876],[-87.971157146733,41.6872775450717],[-87.9716405420379,41.6874591655029],[-87.9719701558625,41.6874800989144],[-87.9721918448995,41.6874051545352],[-87.9724688305884,41.6873031113649],[-87.9728227722734,41.6871879302293],[-87.9731193911318,41.6870936655608],[-87.9735404985714,41.6869562233159],[-87.9740105078144,41.6867890875893],[-87.9745684830762,41.6866035286607],[-87.9749089191234,41.6864879558756],[-87.9753933928095,41.6864345787052],[-87.9756620879747,41.6864644024535],[-87.97591001265,41.6865262356041],[-87.9761301071129,41.6866140530774],[-87.9762918466595,41.6866617242191],[-87.9768069704476,41.6868176932044],[-87.9772362741017,41.6868934647328],[-87.9774991675638,41.6869385316715],[-87.9777734861109,41.6869865492303],[-87.9779792708312,41.6870142861728],[-87.9782185367436,41.687195123863],[-87.9788161320231,41.687418575269],[-87.9797477166614,41.6872413469878],[-87.9805594151459,41.6869766100177],[-87.9811024696016,41.6867966337853],[-87.9815873704836,41.6866223087618],[-87.9818759337614,41.6864918056605],[-87.9820555147525,41.686415169755],[-87.982186519773,41.6863507347513],[-87.9822662741483,41.6862854569683],[-87.9826093795786,41.6860125837608],[-87.9876551020622,41.6861213503071],[-87.988902267824,41.6860993663835],[-87.9951627010839,41.6859639308696],[-88.0168879276066,41.6854789895226],[-88.0290783994427,41.6852477637951],[-88.0287019875835,41.6741895776132],[-88.0282391632833,41.6588814877879],[-88.0277096813101,41.6415104369917],[-88.0174033585339,41.641697834959],[-88.0134702975075,41.6417692892494],[-88.0124237654356,41.64176088362],[-88.0110666423104,41.6418128320023],[-88.0027463077202,41.641967074256],[-88.0001360819708,41.6420254027907],[-87.9992245265666,41.6419592932371],[-87.9976214767963,41.6420750321306],[-87.979295471134,41.6424550331782],[-87.9314233800566,41.6435521417712],[-87.9119366433828,41.6439540444275],[-87.9116838513641,41.635272494956],[-87.9113504033699,41.6244548225739],[-87.9110316642449,41.6134642867882],[-87.9105342175371,41.5979724417357],[-87.9101929462607,41.5809504387372],[-87.9097784078574,41.5701330479666],[-87.9094255262221,41.5568886024343],[-87.8491783725814,41.5577440199538],[-87.8353912717916,41.5580652431735],[-87.7927760383887,41.5585458695238],[-87.7921625192255,41.5383007279556],[-87.7904395428357,41.5396162722182],[-87.7903252573536,41.5060526481517],[-87.7899367103764,41.5060746552653],[-87.779558950327,41.5060345888627],[-87.779559503566,41.5056483130339],[-87.7806856005602,41.5056442956529],[-87.7806737010913,41.4992347903125],[-87.7711501421968,41.4992445517623],[-87.7711634704102,41.4990224894049],[-87.7711858059957,41.4920594544554],[-87.7711483625597,41.4916407449643],[-87.7903085538835,41.4917189066615],[-87.7902695858532,41.4842017045841],[-87.7844838219607,41.4841915663901],[-87.7805817132547,41.4841845443282],[-87.7806637092231,41.4771114826527],[-87.7819563722333,41.4771218030203],[-87.782630945797,41.4775627733764],[-87.7903182321804,41.4789758307523],[-87.7903249346811,41.4735547269997],[-87.7903284401358,41.4699372199028],[-87.7899740630108,41.4699350318957],[-87.7831271306319,41.4698903068092],[-87.7710384861739,41.4698097218071],[-87.7693737675266,41.469801743613],[-87.7643330873609,41.4697782919807],[-87.7225740955836,41.4697298416979],[-87.722548242877,41.4779259789907],[-87.7152525264994,41.4779103344826],[-87.7152489143667,41.4775463338245],[-87.7152441279907,41.4770898735289],[-87.7152451904725,41.4769780433276],[-87.7140847777626,41.4769730026223],[-87.7132837472906,41.4785306162471],[-87.7128745737975,41.4793428219259],[-87.7128549213293,41.4779358480724],[-87.7133029585403,41.4769696485645],[-87.7119275491524,41.4769800651297],[-87.7119316126398,41.4759099271705],[-87.708043182594,41.4759329373706],[-87.7080386220398,41.4748649824301],[-87.7128093955599,41.4748656036603],[-87.7127991223137,41.4697252091087],[-87.7032922525732,41.4697769610537],[-87.7032970645415,41.4699159247939],[-87.7033219230806,41.4758749278282],[-87.7031750279353,41.4758765245448],[-87.7032057451113,41.4824063963231],[-87.7032614448929,41.491184087896],[-87.693563976842,41.4912291835905],[-87.6935646101772,41.4916053457285],[-87.6984202151504,41.4915713599745],[-87.6984483897674,41.495087474305],[-87.6906440744718,41.4950468739901],[-87.6906951898192,41.4988538534514],[-87.6936372387984,41.4988543025907],[-87.6936389326113,41.499169063565],[-87.6982486427171,41.499163735252],[-87.6984752862759,41.4991550379683],[-87.6984733528888,41.4993296415229],[-87.6984855620347,41.5020743076769],[-87.6999880458977,41.5020731573866],[-87.699756870001,41.5024989855023],[-87.700534925981,41.5024984662856],[-87.7005665344964,41.5024391204421],[-87.7007259035785,41.5024983162074],[-87.7003899021332,41.503098354588],[-87.7003114110098,41.5030984371795],[-87.6995158245452,41.5045683267657],[-87.6994172516867,41.5045684695995],[-87.6986473502456,41.5059978425232],[-87.6979339780522,41.5059595982309],[-87.6966857603051,41.5059906027442],[-87.6966722661641,41.5060171146587],[-87.6792953348469,41.5060530557186],[-87.6791783114916,41.5060724587648],[-87.6791639466728,41.5039178327588],[-87.678709175259,41.5039202194304],[-87.6780491467075,41.5039807831892],[-87.6756609778537,41.5039921944217],[-87.6745116977678,41.5039897333048],[-87.6743476008247,41.5039937674492],[-87.674351813757,41.5042083712407],[-87.6743651727102,41.5078866608334],[-87.6743780547715,41.5114318409698],[-87.6743888700994,41.5133806127277],[-87.6744320168924,41.5176993741475],[-87.6695647959709,41.5177176970063],[-87.6695906622314,41.5204574601722],[-87.6647055352273,41.5204435698285],[-87.6647060948275,41.5207217882098],[-87.6647711324843,41.5277291694529],[-87.6635484126909,41.5277246273879],[-87.66354882503,41.5277731715784],[-87.6629505754556,41.5277722585419],[-87.6629503723294,41.5277256023528],[-87.6623598639796,41.5277266181539],[-87.6623598263447,41.5278628093796],[-87.6593841546427,41.5278526130703],[-87.6593845891417,41.5277227706338],[-87.6568804728419,41.5277152721189],[-87.6550773345717,41.5277073958659],[-87.6550792166541,41.5279861362558],[-87.6551236722068,41.5351376440575],[-87.6551442403499,41.5367307224772],[-87.6551646244314,41.538778513211],[-87.6624161958075,41.5387987520289],[-87.6634951029493,41.5403266436129],[-87.6634203470189,41.5403586264299],[-87.6639493348599,41.541043348774],[-87.6634927218147,41.540889232977],[-87.6623156900679,41.5411451475079],[-87.6624656196713,41.5418362402883],[-87.6624639452067,41.5419540684238],[-87.6627237881296,41.5423046381082],[-87.6629966571512,41.5423005687646],[-87.6630978950901,41.5419152268853],[-87.6634603401958,41.5416820060687],[-87.664210699237,41.5416232534135],[-87.6644353179856,41.5418923112816],[-87.6645611144082,41.5422911532652],[-87.6644932526724,41.542673088524],[-87.6646113948164,41.5427070515389],[-87.6647396117214,41.5427160303136],[-87.6647235444038,41.5426135362762],[-87.6648073373309,41.5426131658254],[-87.6648519561786,41.5460837245135],[-87.6649008975923,41.5496446999824],[-87.6652248758794,41.5497359474083],[-87.6747632736478,41.5497806804429],[-87.6747748641066,41.550753465887],[-87.6748319405471,41.551721708959],[-87.689241394139,41.551672108072],[-87.6892878136325,41.5570481355564],[-87.6895453648652,41.5570749635394],[-87.6939391981009,41.5570545405131],[-87.694078615657,41.5573901325068],[-87.6941559483041,41.5620335710096],[-87.6906931740467,41.5620463448722],[-87.6907182300855,41.5644732180773],[-87.684651595272,41.5644768880548],[-87.6846705511761,41.568107486937],[-87.6798147746487,41.5681108648737],[-87.6798532579384,41.5719299067706],[-87.6750455181276,41.5718981933051],[-87.675072480793,41.5750243808656],[-87.6751018029899,41.5784131839717],[-87.6747958106571,41.5783349319204],[-87.6742802041005,41.5782031627947],[-87.6738141997403,41.5780908866178],[-87.6730506805051,41.5779432815976],[-87.6727579511812,41.5778865408288],[-87.6724575709004,41.5778409044181],[-87.6722894273085,41.5778202125138],[-87.6720881543621,41.5778001874569],[-87.6715216393386,41.577755762092],[-87.6703354479341,41.577750300314],[-87.6685307629677,41.5777573750354],[-87.6672558401318,41.5777616598492],[-87.6663621898923,41.5777640263328],[-87.6663638863547,41.5767110484535],[-87.6663113509882,41.5767107436863],[-87.6663078467984,41.576451893149],[-87.6656862854217,41.576452916678],[-87.6656899343443,41.5755884551929],[-87.6659393623172,41.5755895602491],[-87.6659412763512,41.5744938736837],[-87.6664288927655,41.5743443893978],[-87.6677400722692,41.5718698571034],[-87.6667707739467,41.5718621835833],[-87.6661937799519,41.5718648404849],[-87.6659345193759,41.5718883784519],[-87.6656474335139,41.5719301073711],[-87.6654767007557,41.5719629061054],[-87.6652059873024,41.5717678537403],[-87.6650488306069,41.5717688271789],[-87.6412968505358,41.5717687990839],[-87.6412497010398,41.5739177151235],[-87.6366691030516,41.5738869642772],[-87.63666567999,41.5736953509151],[-87.6365437185323,41.5736940972883],[-87.6365319575818,41.572535550893],[-87.6364755449935,41.5725350374755],[-87.6364808212969,41.5719803597879],[-87.6351723832707,41.57198940311],[-87.6350184310887,41.5719896688565],[-87.6350180803776,41.5718949852976],[-87.6327003468478,41.5718992383055],[-87.632679091406,41.5699135429307],[-87.6329592094443,41.5699047865817],[-87.6329076128817,41.5672806632706],[-87.6328709861883,41.5646029427776],[-87.6328710028601,41.5646013991584],[-87.6331547395017,41.5646149625204],[-87.6336492429831,41.5646104256646],[-87.6344980063314,41.5646027230989],[-87.6353360361512,41.5645949491089],[-87.6360500385461,41.5645884752278],[-87.6360788640507,41.5602713755269],[-87.6360738383306,41.5590605522338],[-87.6360410446893,41.5573737506309],[-87.6410770954177,41.5574139570309],[-87.6410136963976,41.5497450402866],[-87.6363478915359,41.5497280028972],[-87.6360337021878,41.549685789677],[-87.6359814303746,41.5424174398155],[-87.6359531343009,41.538782476513],[-87.635946446783,41.537938702897],[-87.6358093996641,41.5379454187981],[-87.6299814619873,41.5379555459511],[-87.6298146104654,41.5379528100383],[-87.6301402500163,41.5371220463774],[-87.6305143934314,41.536259502874],[-87.63098887129,41.5351951708965],[-87.6214440749049,41.5352253289125],[-87.621365292635,41.5279830364484],[-87.6163267363388,41.5280057622534],[-87.6163331243035,41.5293704591046],[-87.61170792863,41.5293852673199],[-87.6117017193592,41.5290197075542],[-87.6096095831691,41.5290316026747],[-87.609605675955,41.5280099722546],[-87.6068215148745,41.5280203753664],[-87.6067743509062,41.5245648668258],[-87.604355120899,41.5245912375614],[-87.6043653043013,41.5247413869967],[-87.5993488832482,41.5247662540032],[-87.5993881996989,41.5280531051609],[-87.597169753689,41.5280548769289],[-87.5970895921827,41.5208305650624],[-87.5996301410865,41.5208210728901],[-87.5996085252443,41.517178243147],[-87.5970480475452,41.5172068184],[-87.5969500489747,41.5084563120095],[-87.5969318316785,41.5064594605857],[-87.5969188322586,41.5042437745278],[-87.5968412593027,41.4991084688024],[-87.5968065739411,41.4898856134101],[-87.5974171457155,41.4898149076454],[-87.5971723520236,41.4886075091675],[-87.5970958745547,41.4881089063581],[-87.5970775429199,41.486343093691],[-87.5970085985423,41.48608604843],[-87.5961072521315,41.4840411651227],[-87.593925997598,41.4803818762683],[-87.592818465521,41.4803958489801],[-87.5928163910125,41.4793759370079],[-87.5907793787061,41.4794140909913],[-87.5907626217312,41.4788839648248],[-87.5898600328902,41.4788892834585],[-87.5898475975905,41.4782012088053],[-87.5884419528672,41.4781993184114],[-87.5884357784283,41.4778023652279],[-87.5922175648999,41.4777832266532],[-87.5905274176319,41.4754925597433],[-87.5894283040634,41.4754955766104],[-87.5894335170983,41.4763760581298],[-87.5869710371945,41.4763918383051],[-87.5869790972427,41.47725981675],[-87.5776918239406,41.4772734495814],[-87.5776057621815,41.4699955100822],[-87.5573880832966,41.4700830282073],[-87.5255352407898,41.4702877555714],[-87.5256033255937,41.4878012639641],[-87.5255348097774,41.5057460054489],[-87.5254265239844,41.541938952002],[-87.5253458507103,41.5578618575198],[-87.5253621983316,41.5660091954931],[-87.525273607666,41.5954354954553],[-87.5252332255356,41.6011453848006],[-87.5251489468358,41.6185186687477],[-87.5251444227729,41.6222494202526],[-87.5251268758444,41.6268944626791],[-87.5251289762675,41.6308628134867],[-87.5252359575096,41.6424860613255],[-87.5252457153588,41.6513122885959],[-87.5250874741045,41.6528296553622],[-87.5249385629689,41.6581176404772],[-87.5248662809691,41.6621411912456],[-87.5247725698509,41.6745301779075],[-87.5247414147037,41.6806379823722],[-87.5246715788591,41.6907285543504],[-87.5246004461214,41.6960235695558],[-87.5246022767532,41.6960235824387],[-87.5245716044521,41.6984169298967],[-87.5245427356369,41.7013052958045],[-87.5244651089746,41.7028242449395],[-87.5245316112346,41.7051515523077],[-87.5245140446267,41.7071739908587],[-87.5245015982499,41.708495634918],[-87.5247462969452,41.7085860327386],[-87.5248748745774,41.7087004835068],[-87.5249452185435,41.7087676995809],[-87.5249826777901,41.7088288526167],[-87.524994548269,41.7088862237264],[-87.5250269487504,41.708949227879],[-87.5247986810238,41.7091001030783],[-87.5248537852273,41.7091596651051],[-87.5254125039507,41.7088318754138],[-87.5262325715565,41.7095504743681],[-87.5256044628172,41.7099539350468],[-87.5255231259617,41.7099418714702],[-87.5252536379806,41.709728492848],[-87.5252153586108,41.7097510357837],[-87.5251826245977,41.7097146149088],[-87.5251338072636,41.709756122399],[-87.5248831042204,41.7094686069633],[-87.5248938667254,41.7094134533163],[-87.5247726643159,41.7093496528071],[-87.5247315181319,41.7093817805181],[-87.5245649943125,41.7092814701978],[-87.5244481827388,41.7092691561799],[-87.5242696871675,41.7093022035397],[-87.5241826687531,41.709341726462],[-87.5241567150416,41.7093852812473],[-87.5242093743681,41.7094389946916],[-87.5242773921773,41.7094909295285],[-87.5243864834671,41.7095165679137],[-87.5244499693177,41.7095283351206],[-87.524553763177,41.7095748614683],[-87.5247124961964,41.7096941556719],[-87.5248332930184,41.7097903706221],[-87.5250196644716,41.7099326709812],[-87.5253458108441,41.7100816140789],[-87.5254493206377,41.7101509497452],[-87.5255524956964,41.7102470400451],[-87.5256575562437,41.7103753892154],[-87.525707985464,41.7104062741673],[-87.5257740351994,41.7104144567478],[-87.5258679632518,41.710426437104],[-87.525919194531,41.7104115318281],[-87.5259857207183,41.7103816402517],[-87.5260144788475,41.7103151211159],[-87.5260047994441,41.7102654839058],[-87.525894523521,41.7101331534494],[-87.525969118886,41.7100803349322],[-87.526095083799,41.7099649294893],[-87.5261879189552,41.7098995464957],[-87.52622854264,41.7098725601881],[-87.5262340799659,41.7098324634563],[-87.5263943889689,41.7098260424229],[-87.5265595681364,41.70983286238],[-87.5267778267302,41.709878303577],[-87.5269781623918,41.7099292787454],[-87.5272058751637,41.7100241831617],[-87.5273371519525,41.7100880517659],[-87.5273997563224,41.7101704773012],[-87.5274192461359,41.7102411086105],[-87.5274849874829,41.7102739868895],[-87.5276764722672,41.7104106586471],[-87.5278454421312,41.7105356804423],[-87.5279839331121,41.710645223126],[-87.5281097162227,41.7107642816998],[-87.5283013000815,41.7108932347157],[-87.5268940604564,41.7119697733633],[-87.5251729786304,41.7133354995843],[-87.5252127768467,41.7133928955201],[-87.5265075751425,41.7123615556842],[-87.5267797395974,41.7125634582642],[-87.5271227917408,41.7128080514034],[-87.5273914741754,41.7130691023831],[-87.527612520153,41.7132955147907],[-87.5278026261919,41.7135616739611],[-87.5279769293195,41.7138469322544],[-87.5280528058804,41.7140951383863],[-87.5281817756121,41.7143629266826],[-87.528334763843,41.7145221396403],[-87.5284713532706,41.7148031879861],[-87.5285800356337,41.7150459633637],[-87.5286740501071,41.7152901795952],[-87.5286805447988,41.7155403006641],[-87.5286472153486,41.7157530946164],[-87.5285425353893,41.7158866613631],[-87.5283126096031,41.7161323820539],[-87.5281022740544,41.7163123760335],[-87.5278616687614,41.7164964454341],[-87.5275924153346,41.7166647051654],[-87.5273004502263,41.7168183973059],[-87.5273137219114,41.7168371860318],[-87.5269896262443,41.7169606360717],[-87.5268575623574,41.7168670887128],[-87.5267724897211,41.7169333842364],[-87.5266941257466,41.7167927026858],[-87.5266538704502,41.7168081998941],[-87.526745383663,41.7169774460176],[-87.5260228201983,41.717203408645],[-87.525928365033,41.7170315684907],[-87.5258905607965,41.7170523997585],[-87.5259825135629,41.717259555387],[-87.5257509247015,41.7173443738573],[-87.5252815565258,41.7173866983652],[-87.5244643997829,41.7173965574022],[-87.5244936204419,41.7181150868379],[-87.5248368933059,41.7181245349179],[-87.5251023659597,41.7182408059896],[-87.5252714062845,41.7184527923158],[-87.5254726140345,41.7187651719305],[-87.5255180397677,41.7189584507152],[-87.5255636406407,41.7191194850441],[-87.52560888307,41.7193091605845],[-87.5256147840042,41.7196057592366],[-87.5255908615483,41.7199987136907],[-87.5255730399138,41.72027010371],[-87.5255205474494,41.7206592553545],[-87.5254025981731,41.7209371451784],[-87.5252660891314,41.721161390289],[-87.5251591407024,41.7213285556536],[-87.5249940203965,41.7215704372067],[-87.5247916108506,41.7217369306321],[-87.5246762562073,41.7218074709538],[-87.5245113861823,41.7218100839899],[-87.5244625354088,41.7224923872967],[-87.5244823671515,41.7247080423176],[-87.5245618499552,41.7259829901692],[-87.5245738054382,41.7275672261609],[-87.5245626047144,41.7309975309572],[-87.5246708880512,41.7312365331535],[-87.5248596646764,41.7313927433395],[-87.5250649162818,41.7315133931287],[-87.5290052861653,41.7337025273826],[-87.5289974800363,41.7337225404699],[-87.5289187809273,41.7337719015826],[-87.5289269636561,41.7338134664838],[-87.529071675948,41.7345480665173],[-87.5295932224143,41.7384299319293],[-87.5298636725103,41.7406159452099],[-87.5312098770039,41.7406080277323],[-87.5366686613313,41.7405393218204],[-87.5398524355965,41.7404927452224],[-87.5398740612654,41.7410055646143],[-87.5385853523772,41.741030275612],[-87.5306971893663,41.7411364989831],[-87.5304267907334,41.7412051040156],[-87.5303150990008,41.7411815114542],[-87.5299489777854,41.7412497893585],[-87.5297817649257,41.7413444991019],[-87.5144010312136,41.741503815299],[-87.508264570128,41.736987389452],[-87.5083366200325,41.7369402245555],[-87.5080371207115,41.7367415130841],[-87.5078685981549,41.736847501806],[-87.5111591783302,41.7392222754096],[-87.5142835758413,41.7416458532141],[-87.5296748184971,41.7413994947394],[-87.5298175504214,41.7414315379044],[-87.5299469461853,41.7415230046853],[-87.5300026753401,41.7415901151706],[-87.530891893821,41.7478828343952],[-87.5309356544486,41.7479551778552],[-87.5310044422699,41.7480409030055],[-87.5311055826635,41.7481035274742],[-87.5326624752134,41.7487551812461],[-87.5328144004252,41.7488229606235],[-87.5366753091284,41.7504315411406],[-87.5383750431728,41.751117553916],[-87.5401045517209,41.7517322238392],[-87.5403547099954,41.7518221112218],[-87.5405038557938,41.7518564151128],[-87.5406465298812,41.7518954766808],[-87.5407956495161,41.7519133142275],[-87.5409450594355,41.7519261795434],[-87.5411007936374,41.7519462920544],[-87.5412819551099,41.7519475410827],[-87.5415302219252,41.7519492523087],[-87.5427384633059,41.7519294436309],[-87.5430156123932,41.7519666832172],[-87.5431610277328,41.7520438376508],[-87.5433185121641,41.7521641260569],[-87.5434564641488,41.7523269880953],[-87.543613478796,41.752504388555],[-87.5442480810717,41.7539333820048],[-87.5442756329095,41.7540215602444],[-87.5443407008186,41.7541698560855],[-87.5443039672841,41.7543076762507],[-87.5439583554131,41.7552582591635],[-87.5410017195458,41.7570407380337],[-87.5409203616212,41.7570439503384],[-87.5406253185641,41.7572305853172],[-87.5406044880228,41.7572666319827],[-87.5405914450702,41.7573027323782],[-87.5406044037695,41.75734793114],[-87.5411241544848,41.757813758316],[-87.5412617426773,41.7578390625616],[-87.5413531051638,41.7578606176353],[-87.5414831153516,41.7578501935459],[-87.5416487461967,41.7578304097355],[-87.5426202165836,41.7587269373182],[-87.542518415274,41.7589397770542],[-87.5425151713353,41.7589987570538],[-87.5425253046943,41.7590689778268],[-87.542528419519,41.7591324610718],[-87.5431805276473,41.7597352038822],[-87.5432419864989,41.7597110994179],[-87.5435882117179,41.7600211838218],[-87.5443551670174,41.7606751356959],[-87.5456633267909,41.7606841117065],[-87.5465134597303,41.7606823901467],[-87.5465014704581,41.7606137006917],[-87.5461631956845,41.7606076100933],[-87.5449004775805,41.7606293103796],[-87.5450306597805,41.7603806444631],[-87.545450983666,41.7597279844466],[-87.5459609503735,41.7592558599904],[-87.5474093566549,41.7587887844058],[-87.5482105721763,41.7588328540629],[-87.5488671127231,41.7588688981389],[-87.5500621102984,41.7591763509377],[-87.5513370454112,41.7596176052401],[-87.5527181138939,41.760130060622],[-87.5540784092083,41.7608655039355],[-87.5544158863269,41.7611650337898],[-87.5546292850804,41.7614199845403],[-87.5547085994895,41.7615862088469],[-87.5547113809555,41.7617730112066],[-87.5537148292759,41.7623252314582],[-87.5537931048557,41.7623689852194],[-87.555063432625,41.7617201676494],[-87.5569472039999,41.7625352759245],[-87.5576612205987,41.762862210279],[-87.5575970128813,41.7629055139439],[-87.5576995635926,41.7630643462425],[-87.5575714431376,41.7631264284438],[-87.5584668420555,41.7640300263742],[-87.5587689422364,41.7638835286194],[-87.5594266314375,41.7642291107351],[-87.5596195588689,41.7644743092084],[-87.5595298081981,41.7645270469456],[-87.5596377726371,41.7646553836863],[-87.5594995488675,41.7647192866809],[-87.5597228527583,41.7649914464154],[-87.5599250112028,41.7649070483374],[-87.5605268943975,41.765437145152],[-87.5605982803434,41.7656357289368],[-87.5606141583808,41.7658016939104],[-87.5605791356048,41.7659710899237],[-87.5605313088601,41.7661383415758],[-87.5604064308415,41.7662544769649],[-87.5602643861758,41.7663120089762],[-87.5593495995846,41.7665974308564],[-87.5594277187535,41.7673030685973],[-87.5594241961794,41.769292656003],[-87.5595316166172,41.7692571892341],[-87.5602092123909,41.7685794517404],[-87.5611395686764,41.768698053173],[-87.5618950300857,41.7691682857491],[-87.5626437882747,41.7695678028819],[-87.5628430962607,41.7699331012876],[-87.5628240181032,41.770033997538],[-87.5632072426924,41.7703471864712],[-87.5632490154955,41.7704750759916],[-87.5632674439976,41.7706391708708],[-87.5633491067512,41.7708225565624],[-87.5634300392596,41.7710862077863],[-87.5633350596639,41.7711541784987],[-87.5635131295337,41.7713802321101],[-87.5633975546799,41.7714652166772],[-87.5634566267272,41.7716218655601],[-87.5633316765669,41.7716477849966],[-87.5638036687196,41.7722221027999],[-87.5639156300351,41.7721328056831],[-87.5650268017802,41.7726177485349],[-87.5653397216989,41.7727956468457],[-87.5658041781539,41.7730817556017],[-87.5661161153026,41.7733424884602],[-87.5662232546321,41.7734847063198],[-87.56623565794,41.7735590564669],[-87.566218961055,41.7736719753909],[-87.5663273125823,41.7738471327104],[-87.5668375586304,41.7741757363977],[-87.5669012251988,41.7742168109368],[-87.5671606076105,41.7744662131473],[-87.5676310558872,41.7751363833283],[-87.5682871698269,41.7758402049829],[-87.569097328378,41.7766555052725],[-87.5696213367694,41.7769087201312],[-87.5698467614898,41.7770091843532],[-87.5701071364902,41.7771767723457],[-87.5702352588142,41.7773091777512],[-87.5704343937072,41.7774820182935],[-87.5707878805002,41.7777397554054],[-87.5716269470635,41.7784598655752],[-87.571919042346,41.7787362306119],[-87.5720641223128,41.7789659970195],[-87.5721889449051,41.7791649273136],[-87.5722543960249,41.7792301947175],[-87.57237318935,41.77929958882],[-87.5724725191387,41.7793096802067],[-87.5726019600792,41.7793506726132],[-87.572640400643,41.7793166235664],[-87.5726839773268,41.7792939286974],[-87.5727912939318,41.7792680539226],[-87.5728985393698,41.7792288001769],[-87.5730797035814,41.7791975823139],[-87.5731309346345,41.7791864296305],[-87.5731459435879,41.779196133952],[-87.5731760632782,41.7792457304204],[-87.5732142320771,41.7792346627865],[-87.5732973546595,41.7791036584733],[-87.5733261181511,41.7790352415832],[-87.5733602828031,41.7789363302197],[-87.5733899050151,41.7788145769081],[-87.573401201456,41.7787117408586],[-87.5733870204366,41.7786125096712],[-87.5733651872234,41.7785209461686],[-87.573320486186,41.7784254579841],[-87.573380403515,41.7783189986603],[-87.573270589574,41.7781296024152],[-87.5731324627752,41.7779705489128],[-87.5728151580757,41.777674981544],[-87.572891905383,41.7776374125874],[-87.5726408881364,41.7773364518678],[-87.5724131385187,41.777432194313],[-87.5723901818394,41.7774358156546],[-87.572247356696,41.7772480864495],[-87.5720738303787,41.7770601536289],[-87.5719786512014,41.7769319135025],[-87.571886512062,41.7767597848342],[-87.5718293672626,41.7766317966641],[-87.5717823112134,41.7763483084979],[-87.5718447710499,41.776046336241],[-87.571961618697,41.7759309929798],[-87.5721061543599,41.7758187488691],[-87.5722979925597,41.775736662073],[-87.5727330097278,41.7756292568692],[-87.572959848956,41.775610004773],[-87.573182724256,41.7755965576142],[-87.5735690789854,41.7755545186578],[-87.5743163110693,41.7756100557377],[-87.5745895630735,41.7757159721969],[-87.5749156930906,41.7758263535307],[-87.5753540603912,41.775764927351],[-87.5754289073557,41.7757522142605],[-87.5756725675651,41.7757443879678],[-87.5757981366725,41.7757440154025],[-87.5759079533528,41.7757387363402],[-87.5760127256712,41.7757727015556],[-87.5760981797991,41.7758127139949],[-87.5761359204044,41.7758378328669],[-87.5761674631306,41.7759028745848],[-87.5761972945428,41.7758991262758],[-87.5762223491605,41.7759313652703],[-87.5762527315983,41.7759197307478],[-87.5762952183987,41.7759699224801],[-87.5763817746155,41.7760526499649],[-87.5764419386064,41.7760804892485],[-87.5764991611873,41.7760856687404],[-87.5765627533925,41.7760752820199],[-87.5766249829774,41.7760638571806],[-87.5766885677742,41.7760346033558],[-87.5767225192755,41.7760312250822],[-87.5773632320128,41.7762021584993],[-87.5774140309838,41.7762275343962],[-87.5774548954028,41.7762598771466],[-87.5774832128022,41.7762875063455],[-87.5775051258979,41.7764507641776],[-87.5775009766774,41.776667535683],[-87.5775168426718,41.7768189189735],[-87.5775890234714,41.7768967484597],[-87.5777139844509,41.7769678928223],[-87.5778120166364,41.7770102164459],[-87.5779057865806,41.7770252405925],[-87.5783842000379,41.7770664624558],[-87.5784320144744,41.7772096511728],[-87.5785496850471,41.7776095467626],[-87.5785737419119,41.7777465761881],[-87.5785691224736,41.7778669514815],[-87.5785532076086,41.7779930841739],[-87.5785467489451,41.7781335149834],[-87.5785642497353,41.7782825075846],[-87.5786179019009,41.77845557868],[-87.5787208162983,41.7786289733376],[-87.5788791435029,41.7788253721912],[-87.5791052128781,41.7790877354494],[-87.5789372423904,41.7793034312783],[-87.5787077493197,41.779606711458],[-87.5786863736655,41.7796708902794],[-87.578672856733,41.7797292891098],[-87.5786675563737,41.779770933154],[-87.5787204793315,41.7797522423022],[-87.57876840307,41.7798667880383],[-87.5784202715766,41.7799692983909],[-87.5781684991659,41.7798664480811],[-87.5781033219634,41.7798553855149],[-87.5780411312171,41.7798632095204],[-87.5779787854761,41.7798842393548],[-87.5778417010894,41.7799083795577],[-87.5775929513499,41.7799580273167],[-87.5772209456732,41.7800639788491],[-87.5770405060025,41.7801115022117],[-87.5769370129364,41.780124027729],[-87.5768159634554,41.7801290622713],[-87.576719021762,41.7801105859881],[-87.5766302811614,41.7800767270282],[-87.5765829870196,41.7800453707562],[-87.5765246591407,41.7799974760565],[-87.5764416844892,41.7798825269507],[-87.5763702722896,41.7797391819909],[-87.5766262484336,41.7795621466428],[-87.5768581767933,41.779325435639],[-87.576936098778,41.7791878767549],[-87.5771044437825,41.7789603515844],[-87.5771625091659,41.7788940133023],[-87.5771958632764,41.7787465558636],[-87.5772508804352,41.7785690538207],[-87.5772593481104,41.7784919264573],[-87.5772429857043,41.7784218394334],[-87.5772016603235,41.7783701120512],[-87.5771468509354,41.7783153800938],[-87.5770671612455,41.7782719760323],[-87.5769131737011,41.778213846749],[-87.5767674644701,41.7781142644227],[-87.5766429083115,41.7779890935407],[-87.5765957777174,41.7779244638513],[-87.5765868373527,41.7778858134112],[-87.5765833112525,41.7778544023907],[-87.5765874307042,41.7776599281124],[-87.5766032355172,41.777621440668],[-87.5766203397174,41.7776088609989],[-87.5766739347211,41.7775913761337],[-87.576694801611,41.7775705883714],[-87.5766968247854,41.7775349259507],[-87.57670369579,41.7774962081339],[-87.5766852371632,41.7774485760736],[-87.5765535375652,41.7772684722695],[-87.5763333472628,41.7769167817845],[-87.5763121811853,41.7768850829965],[-87.5762902027168,41.7768640129687],[-87.576179178264,41.7767770077336],[-87.5758945414869,41.7765475270195],[-87.575835338071,41.7764769857941],[-87.5757793727013,41.776403893119],[-87.5757350065741,41.7762797645315],[-87.5757515190781,41.7762395666819],[-87.5757064324735,41.7761377306749],[-87.5756336451701,41.7760727598543],[-87.5755975054286,41.7760284413559],[-87.575510542417,41.7759803572442],[-87.5754326713314,41.7759774422941],[-87.5753974772898,41.7759890448552],[-87.5749450993009,41.7760337414568],[-87.5748861316427,41.7760405559333],[-87.574819258083,41.776037713171],[-87.5747415688636,41.7760193623291],[-87.5746923938469,41.776011833852],[-87.5746506429197,41.7760353991481],[-87.5746329208412,41.7760615243722],[-87.5746101225022,41.776110084932],[-87.5746158720114,41.7761471707999],[-87.5746263972851,41.7762067570702],[-87.574790065211,41.7763567154938],[-87.5748621196782,41.7764643899967],[-87.5749326647394,41.7765446116039],[-87.5749882405267,41.7766312520409],[-87.5751146897954,41.7768286463185],[-87.5752094526705,41.7770316629675],[-87.5752942537777,41.7772634288273],[-87.5753147678087,41.7774088399369],[-87.5753174627545,41.7775886085861],[-87.5753055392223,41.7777838889116],[-87.5752550055572,41.7780277970855],[-87.5752019950058,41.7782095993719],[-87.5751170728924,41.7784354426561],[-87.5751355754089,41.778440367273],[-87.5750718562712,41.7785780186924],[-87.5749411508016,41.7788582738669],[-87.5747808914008,41.7790990561293],[-87.5746809167819,41.7792019928103],[-87.5745828173189,41.7793013399098],[-87.5744673395946,41.7793781032802],[-87.574353649526,41.7794392702106],[-87.57424008667,41.7794896322379],[-87.5740435958695,41.7795574554708],[-87.5738407457215,41.7796204338221],[-87.5730427455728,41.7798045112185],[-87.572985250532,41.7798221400835],[-87.5729626461117,41.7798540643255],[-87.572953266345,41.7798915646683],[-87.5730985224668,41.780262147108],[-87.5710026710837,41.780924725189],[-87.5703453423194,41.7810704395513],[-87.5683153452827,41.7815668619376],[-87.5675375856294,41.7846107520336],[-87.567667826897,41.7846236263986],[-87.5681562123885,41.7826353873493],[-87.5684176815852,41.7816327201542],[-87.5689847696336,41.7814840152344],[-87.5698912270635,41.7815094241803],[-87.5714126258121,41.7817954967834],[-87.5719021347442,41.7819474482698],[-87.5740561248381,41.7828270122749],[-87.5763271943196,41.7841225520503],[-87.5769231359663,41.7854186925543],[-87.577301577525,41.7865816729067],[-87.5773776255405,41.7870529895528],[-87.5773659395076,41.7873844564179],[-87.5772889084513,41.7880890587934],[-87.577157169056,41.7881248964955],[-87.5771681225368,41.7881874010372],[-87.5776524377993,41.7881429060065],[-87.5780902261256,41.7881572766682],[-87.5783034627651,41.7880118591914],[-87.5785773849633,41.7878898234088],[-87.5786413526296,41.7878483933384],[-87.578690354684,41.7877933150237],[-87.5786987032041,41.7877458594578],[-87.5787100613329,41.7876371918349],[-87.578739002039,41.7875535097732],[-87.5788086642083,41.7874759267714],[-87.5788885055398,41.7874097307463],[-87.5791239539635,41.7873045927391],[-87.5794281262888,41.7872017919697],[-87.5797524032707,41.7871238208298],[-87.5799694914842,41.7870794494386],[-87.5801861033442,41.7870561711959],[-87.5803416934998,41.7870381526703],[-87.5804407853379,41.7870501223108],[-87.5805785747416,41.7872607914696],[-87.5804401017716,41.7873435846854],[-87.580319092884,41.7874419288044],[-87.5802136221519,41.7875441480493],[-87.5801488906332,41.7876313692248],[-87.5800985158605,41.7877450982265],[-87.5800336675274,41.7878422665953],[-87.5799464781652,41.7879488934049],[-87.5798850866387,41.7880248161592],[-87.579859204164,41.7880627233347],[-87.5793693655898,41.7883049513396],[-87.5791267094168,41.7883795123551],[-87.578887421889,41.788420820546],[-87.5785884241431,41.7884140540406],[-87.5783339602615,41.7883815087595],[-87.5780581414895,41.7882939368549],[-87.5776855051956,41.788312926043],[-87.5776910838068,41.7883843140988],[-87.5766926476139,41.7884350291967],[-87.5766934127628,41.7885063855938],[-87.5747697493029,41.7885986681984],[-87.5747784716046,41.7886558411783],[-87.5763837197035,41.7885710657785],[-87.5782245065349,41.7898577280532],[-87.5784564947496,41.7906929999665],[-87.5790381940167,41.7915900846838],[-87.5790997141866,41.7917772712849],[-87.579234059475,41.7922040314474],[-87.5792614438698,41.7924292422781],[-87.5793077816786,41.7926799621026],[-87.5792790103423,41.792964149381],[-87.5793068658806,41.7934425231769],[-87.5792701532534,41.7936415855877],[-87.5790824409926,41.7939348488819],[-87.5789922697421,41.7941971931783],[-87.5786158771692,41.7945334680568],[-87.5784293819189,41.794644415112],[-87.5780028432027,41.7948589240087],[-87.5777074676853,41.7949705260602],[-87.5773904744357,41.7950492252522],[-87.5769055275761,41.7951040059283],[-87.576860625679,41.7951021665937],[-87.5768197026037,41.795093321227],[-87.5767845756965,41.7950788539411],[-87.576743719211,41.7950643489086],[-87.5767179485262,41.7950533735735],[-87.5766778575117,41.7950517373713],[-87.5766350041906,41.7950511120644],[-87.5766034809385,41.7950615384971],[-87.5765758679234,41.7950707900581],[-87.5765434238817,41.7950815534435],[-87.5765142025272,41.7950911374289],[-87.5764882018451,41.795099713521],[-87.5764673703258,41.7950975180629],[-87.5764329927447,41.7950972915584],[-87.5763872730174,41.7950870422931],[-87.5763128992759,41.7950771187379],[-87.576224886645,41.7950770532602],[-87.5761991312632,41.7950842587636],[-87.5761568685835,41.7950918700106],[-87.5761205061306,41.7951044941414],[-87.5760947022746,41.7951158157215],[-87.5760628649269,41.7951334436696],[-87.576032165406,41.7951517651797],[-87.5759992336075,41.7951844794338],[-87.5758700281397,41.795295799988],[-87.5758131781763,41.7953353886906],[-87.5757843442808,41.7953509781564],[-87.5757525572259,41.7953643184121],[-87.575704666623,41.7953826979779],[-87.5756605722319,41.7953901254435],[-87.5755016660335,41.7954348724165],[-87.5754203163057,41.7954528596112],[-87.5753329691943,41.7958047516877],[-87.575226173816,41.7960369676631],[-87.5751809065507,41.7961438673266],[-87.5751747887625,41.7961767583013],[-87.5751695210136,41.7962153149615],[-87.5751794249064,41.7962695798403],[-87.5752054819201,41.7963340708525],[-87.5752326141847,41.7964045720647],[-87.5752619506406,41.7965603319847],[-87.5753116575991,41.7966407586406],[-87.5753619386145,41.7966724781093],[-87.5755156655885,41.7967563352571],[-87.5755806429979,41.7968246847935],[-87.5757170803525,41.7969170034927],[-87.5758102880089,41.7969627272589],[-87.5759320507389,41.7969971475568],[-87.5762562082972,41.7970507395932],[-87.5763641147931,41.7970550525627],[-87.5764566836792,41.7970577207198],[-87.5765512192724,41.7970490816082],[-87.5766451863012,41.7970303191449],[-87.5767293121966,41.7970102911659],[-87.5768204852067,41.7969757305523],[-87.5770521431558,41.7969038464504],[-87.5773105743189,41.7968746744104],[-87.5774997409202,41.7968687154809],[-87.5776268568814,41.7968767555199],[-87.5777260297901,41.7968830679646],[-87.5778223335891,41.7968994809832],[-87.5779423403172,41.7969273699402],[-87.5779960752176,41.7969383573582],[-87.5780611488416,41.7969597103475],[-87.5781170870994,41.7969782589628],[-87.5781869556899,41.7970011870611],[-87.5782553022219,41.7970366258855],[-87.5783359828712,41.7970757476002],[-87.5784174374766,41.7971270520826],[-87.5789775930977,41.7975010380098],[-87.5794592100649,41.7978686742088],[-87.5797526628425,41.7981764152054],[-87.5798997519578,41.7984168183303],[-87.5797809926137,41.7984582326347],[-87.5800691993368,41.7990381364903],[-87.5802931841065,41.799700289966],[-87.5804434022003,41.8003592152096],[-87.5805212286956,41.8011322393748],[-87.5805235754653,41.8015975812542],[-87.5804663509962,41.8022367942632],[-87.5803303825766,41.8028468476353],[-87.5804541565245,41.8029455952903],[-87.5803243275632,41.8031877842853],[-87.5801298359094,41.8034902662634],[-87.5802088928891,41.8035122242625],[-87.5801776861148,41.8035540413883],[-87.580147337907,41.8036008381351],[-87.5801408217109,41.8036287527226],[-87.580128503058,41.8036823568516],[-87.5801325211334,41.8037503040299],[-87.5801773417601,41.8038379001856],[-87.5802063501567,41.8038859436879],[-87.5802470041451,41.8039182839437],[-87.5806704481596,41.8041490056368],[-87.5807056551478,41.8041571261082],[-87.5807409464423,41.804158043397],[-87.5807802167025,41.8041519545353],[-87.580875679075,41.8041433179629],[-87.5810656959229,41.8041644584972],[-87.5811379678327,41.8041786531462],[-87.5812045660756,41.8042075610842],[-87.5812803255971,41.8042567679964],[-87.5813450140426,41.8042921810047],[-87.5814159582079,41.8043415278213],[-87.5814642380463,41.8043883250097],[-87.5814885503815,41.8044263894486],[-87.5815345347999,41.8044930675827],[-87.5815854812472,41.8045470858953],[-87.5816574176083,41.8046096458816],[-87.5821041775702,41.8049449688376],[-87.5825400207533,41.8052536335244],[-87.5831863375129,41.8056974546293],[-87.5842386557997,41.8063768407637],[-87.5847213652781,41.8067573254116],[-87.5852507381586,41.8072259287089],[-87.5855418481146,41.8076622771521],[-87.5858844528676,41.8082641309277],[-87.5861063114483,41.8086435981056],[-87.5862182857689,41.8090098294466],[-87.5864862491871,41.8094072619707],[-87.5864552887264,41.8094477102265],[-87.5866593130662,41.8097250076355],[-87.5867425002609,41.8097475025289],[-87.5869505756913,41.8100512393727],[-87.5869777480518,41.8101001267821],[-87.5869898282738,41.8101259328363],[-87.5870065413434,41.8101673770453],[-87.5870158368875,41.8101960807944],[-87.5870597568454,41.8104414640596],[-87.5870697862691,41.8104859521428],[-87.5870742519336,41.8105159966443],[-87.5870689900111,41.8105545538031],[-87.5870039943408,41.8111372895798],[-87.5869967908783,41.8111850960379],[-87.5869973853221,41.8112128856644],[-87.5870010574648,41.8112322909514],[-87.5870167978114,41.8112588068471],[-87.5872575440442,41.8115925992956],[-87.5873001104136,41.8116386708111],[-87.5873269967397,41.8116925302629],[-87.5873933703934,41.8118207415047],[-87.5874264241601,41.8118568032094],[-87.5874649316441,41.8118772922658],[-87.5875360838171,41.8119098279398],[-87.5875755381869,41.8119277503511],[-87.5876393064213,41.8119446299712],[-87.5876898620465,41.811954220074],[-87.5877608741549,41.8119593119724],[-87.5878405444202,41.8119888154388],[-87.5882668176653,41.8120416641294],[-87.5885216026737,41.8121539449438],[-87.5889834051131,41.8125243278631],[-87.5890631030765,41.8126505662655],[-87.5891098245083,41.8127537791974],[-87.5891483367415,41.8128927859827],[-87.5890710052031,41.8130373883544],[-87.5893180894266,41.8131617952039],[-87.5894012015527,41.8131318034741],[-87.589659641443,41.8133250614542],[-87.5898803648641,41.8135285372818],[-87.5899595870883,41.8136168667082],[-87.5900234814461,41.8137023526212],[-87.5900759471211,41.8137848487591],[-87.5901019426897,41.8138565395509],[-87.5901345707531,41.8139296453847],[-87.5901590018451,41.8140375161254],[-87.5902116995736,41.8144371486068],[-87.5902289528992,41.8144916311071],[-87.5902574297832,41.8145470437949],[-87.5902899995901,41.8146053987399],[-87.5903249274132,41.8146581088676],[-87.5903691483658,41.8147002450406],[-87.5904094601554,41.8147433850149],[-87.5904687664543,41.8147895636057],[-87.5906987118022,41.8149694281197],[-87.5907229191983,41.8149975418878],[-87.5907690751747,41.8150508390177],[-87.5908179466412,41.8151072409874],[-87.5908665983198,41.8151826798982],[-87.5909114968366,41.815265469759],[-87.5909488636636,41.8153452951359],[-87.5910245240501,41.8155239902212],[-87.5910742864647,41.8156224194889],[-87.5911468758386,41.8157295720748],[-87.5912086713367,41.8157985781152],[-87.5912851589254,41.815885859831],[-87.5913797700641,41.8159722294593],[-87.5918711653412,41.8163251254968],[-87.5919480162414,41.8164009174765],[-87.5919858972876,41.8164363229377],[-87.5920109160318,41.8164737035798],[-87.5920448779623,41.8165109704143],[-87.5920851247618,41.8165599409469],[-87.5921125448512,41.8166077995948],[-87.5921273239551,41.816658320938],[-87.5921546669941,41.8167128682381],[-87.5921665190152,41.8167786356943],[-87.5921721256105,41.8168491653246],[-87.5921974023305,41.8174209942814],[-87.5922234399981,41.8177081100492],[-87.5922456744596,41.8177682844156],[-87.5922890644945,41.8178628986401],[-87.5926439051901,41.8183481788543],[-87.5926956723012,41.8183924209737],[-87.5927399408283,41.818430783149],[-87.5928017523967,41.8184788633524],[-87.5928739028615,41.8185251234849],[-87.5929333586154,41.8185587810133],[-87.5929991885154,41.8185964244819],[-87.5930712877541,41.8186272476414],[-87.5933605982975,41.8187309927886],[-87.5934378150885,41.818775398518],[-87.5934705988738,41.8187956771607],[-87.5935097153629,41.818823543324],[-87.5935361549515,41.8188571594016],[-87.5937540378755,41.8190710718768],[-87.594522841216,41.8195694733678],[-87.5947203245498,41.8197832527811],[-87.5948668671022,41.8200004777327],[-87.5948943892249,41.8200397605082],[-87.5949094431853,41.820066613912],[-87.5949066591097,41.8200894077534],[-87.5948895937501,41.8201378373091],[-87.5941931156911,41.821404468775],[-87.5941533523396,41.8214326846827],[-87.5941465597296,41.8214650576442],[-87.5941640706773,41.8214975870047],[-87.5942122729892,41.8215131621783],[-87.594276154541,41.8215012240124],[-87.5943032005381,41.8214622921994],[-87.5942876997891,41.8214344067469],[-87.5944299873427,41.8211643256069],[-87.596122785399,41.8219513161246],[-87.5969981365007,41.8223809203781],[-87.5969693452719,41.8224321908413],[-87.5969333446896,41.822472266487],[-87.5968996604719,41.8225102987708],[-87.5969180627147,41.8225452346576],[-87.5969647434844,41.8226336935482],[-87.5970329718716,41.8227627685024],[-87.5971093268602,41.8230431732844],[-87.5972128776456,41.8231714454185],[-87.5973164503115,41.8233779292355],[-87.5967132060907,41.823573536185],[-87.5967597713274,41.8236721138907],[-87.5973834665194,41.823452796908],[-87.5976010135789,41.8239188294157],[-87.5976378511221,41.8241662209744],[-87.597656301197,41.8242972064068],[-87.5976706119319,41.8244492618788],[-87.5976768410556,41.8245861721147],[-87.5976461989645,41.824839134525],[-87.5975835932021,41.8250798860089],[-87.5974924133085,41.8254129018948],[-87.5974908461359,41.8255497621721],[-87.5974930041289,41.8257017397787],[-87.5975190107321,41.8258536986425],[-87.597557543207,41.8259731495665],[-87.5975923255238,41.8260596452532],[-87.5976466462836,41.8261821130564],[-87.5977129593692,41.8262986545522],[-87.5978152369309,41.8264185136113],[-87.5979331443671,41.8265352138315],[-87.5980590403566,41.8266552238835],[-87.5982335283611,41.8267772599541],[-87.5996597354509,41.827712568494],[-87.5998569089658,41.8278567011145],[-87.6000183983096,41.8279930588486],[-87.6001673138607,41.8281260772794],[-87.6007287045622,41.8288285894897],[-87.6016897130772,41.8300238394647],[-87.6017708627721,41.8301071988501],[-87.6024516055585,41.830743399592],[-87.6027703975369,41.831447101879],[-87.6027877073013,41.8317802970773],[-87.6027192974911,41.8322501602414],[-87.6027133051445,41.8322729338203],[-87.6027228782771,41.8323184465895],[-87.6027409459453,41.8323631558068],[-87.6028369279872,41.8324937757949],[-87.6027848437459,41.8325363236583],[-87.602904633245,41.8327514811253],[-87.6022201063861,41.8333121012645],[-87.6022346111875,41.8333675934129],[-87.6023087836006,41.833399453024],[-87.6023890130597,41.8334028793984],[-87.6030328053075,41.8329152368114],[-87.6031479838757,41.8328703456956],[-87.6034291609773,41.8330107181787],[-87.6037958147285,41.8330358592833],[-87.6039314264748,41.8330495842874],[-87.6041999847954,41.8331300154928],[-87.6044050776438,41.8332455472322],[-87.6045262552892,41.8333389350976],[-87.6046190382075,41.8334285408438],[-87.6048031989978,41.8336912717216],[-87.604904206598,41.8338848683839],[-87.6049414516392,41.8339778949944],[-87.6049650674804,41.8340795825037],[-87.6050349164748,41.8343918423525],[-87.6045619449222,41.8348021969996],[-87.6045757545194,41.8350000430762],[-87.6051889049696,41.8355565577156],[-87.6054122973824,41.8357986112334],[-87.6057479173132,41.8362567998951],[-87.6059143044955,41.8366116921146],[-87.6059726501801,41.8368062181726],[-87.606104210995,41.8374215944301],[-87.606120681852,41.8377292275643],[-87.6061131443571,41.8380506014982],[-87.6061647726625,41.8385550149166],[-87.6033930516594,41.8391353393969],[-87.6031303805894,41.8389787905341],[-87.6024919009869,41.8385507412847],[-87.6020412582569,41.8381238845723],[-87.60164465623,41.8374232872169],[-87.6011440703867,41.836067176051],[-87.6011093170213,41.8351925638719],[-87.6013050666206,41.8342362353691],[-87.601891938131,41.8330489638253],[-87.6018706176694,41.8329677007541],[-87.6017784984624,41.8329410435658],[-87.6016505354916,41.8329807063723],[-87.6012829695862,41.8336596277314],[-87.6009781583097,41.834405667867],[-87.6008428160826,41.8351123100971],[-87.6008362432409,41.8356887348342],[-87.6009572817879,41.8365184453943],[-87.6013328815684,41.8373904277199],[-87.6017508311729,41.8381697166062],[-87.6023558105621,41.8387594681974],[-87.60311791641,41.8392479918999],[-87.6040403362259,41.8396373630458],[-87.6041900161936,41.8396455170401],[-87.6041846422758,41.8398360375303],[-87.6042961311418,41.8398343440177],[-87.6042926155432,41.8395984867935],[-87.6047265862731,41.8389698890131],[-87.6052727311448,41.8388447149972],[-87.6054520878084,41.8390269730113],[-87.6071317604184,41.8399327489547],[-87.6072837742645,41.8401606260555],[-87.6073497009749,41.8405373495282],[-87.6070016871881,41.8406042703376],[-87.6067287497288,41.8405023784928],[-87.6066866852348,41.8405712334388],[-87.6070040369104,41.840680438426],[-87.6075562488125,41.8405672981102],[-87.6079929961696,41.8413965940222],[-87.6080028227402,41.841927841924],[-87.6080430258999,41.8423284147159],[-87.6087917021831,41.8434455942455],[-87.6088067897941,41.8435314475247],[-87.6088434392556,41.8436579146356],[-87.6089530931185,41.8440024962388],[-87.6090408634252,41.8441316869079],[-87.6091601775864,41.8442706813062],[-87.6091567388921,41.844575615392],[-87.6090457854957,41.8449561962031],[-87.6089284017038,41.8451340042278],[-87.6085319749012,41.8456674911781],[-87.6084457617317,41.8459082702904],[-87.608424261824,41.8460450044665],[-87.6084142165277,41.8462236608677],[-87.6084713595556,41.846465173186],[-87.6085568606916,41.8466533513955],[-87.6090592654456,41.8472997060782],[-87.6094043740842,41.8477783535349],[-87.6094880084671,41.8480104273649],[-87.6095348819286,41.8486954149014],[-87.6094690453781,41.8491838207189],[-87.6093217837215,41.8498746166483],[-87.6092061370876,41.8504671614508],[-87.6091969561455,41.8506099763934],[-87.6092117749185,41.850821549045],[-87.6092721632719,41.8510606800225],[-87.6093318259334,41.8511811173269],[-87.6094239371455,41.8513331465495],[-87.6094879175736,41.8514165635324],[-87.6104534512899,41.8526002732811],[-87.6106842814709,41.8529833488727],[-87.6108645465814,41.8534362559232],[-87.6109967759937,41.8538972648354],[-87.6109997590856,41.8539787536528],[-87.6110186691889,41.854520519788],[-87.6110686106959,41.854669538143],[-87.6111227744323,41.8547899398713],[-87.6112072709543,41.8549263117555],[-87.6112990317681,41.8550287691007],[-87.6114294899783,41.855158226091],[-87.6123425030761,41.8557357952183],[-87.6125815868464,41.8559374548671],[-87.6127366042315,41.8561276095756],[-87.6128479587347,41.8563243508019],[-87.6128667397579,41.8563680336436],[-87.6128722734308,41.8564268982908],[-87.6129035730655,41.8565612200182],[-87.6130136501414,41.8568310188021],[-87.6130797362698,41.8571161495374],[-87.6130651437764,41.8575578827626],[-87.613056614497,41.8576228337626],[-87.6130067164589,41.857796437841],[-87.6128070661516,41.8582709702827],[-87.612723700822,41.8583805603774],[-87.612672309317,41.8584214017014],[-87.612555102044,41.8585004210184],[-87.6124069019106,41.8584994908341],[-87.6122777912839,41.858514802793],[-87.6121973683268,41.8585870205334],[-87.6121797329241,41.8586659785707],[-87.612182396298,41.8588577499247],[-87.6122141888397,41.8592749043645],[-87.6122572985315,41.8594199343323],[-87.6123684396023,41.8596564662315],[-87.612435910614,41.8598182860773],[-87.6124587613627,41.8599899452453],[-87.6124170372045,41.8600891624698],[-87.6123350700576,41.860155710572],[-87.6122003382834,41.8601809350576],[-87.6122176551527,41.8606408774373],[-87.6123473082144,41.8606593575594],[-87.6124320744239,41.8607113443839],[-87.6124785278157,41.8607835010467],[-87.6124886652729,41.8608410224381],[-87.6125656270192,41.8608320721009],[-87.6125769305387,41.8613782490349],[-87.6126692256929,41.861372825172],[-87.6132917659262,41.8624296646742],[-87.6134542485512,41.8629376835443],[-87.6134594635248,41.8631682332637],[-87.6134673999021,41.8633607235601],[-87.6132541578217,41.8641864350961],[-87.6127522379991,41.8653001965488],[-87.6126646135324,41.8653795729889],[-87.6126822914054,41.8658486074849],[-87.610593911453,41.8658792204599],[-87.610522921273,41.8658463572468],[-87.6104830226203,41.8653144078873],[-87.6103788286452,41.8652756755764],[-87.6100711096894,41.8647687962157],[-87.6097947132094,41.8641705240022],[-87.6096972198672,41.8635581135706],[-87.6097050385414,41.8633123809498],[-87.6098812772303,41.8623739285915],[-87.6100086442154,41.8619440550175],[-87.6102950215986,41.8614724750467],[-87.6104047854752,41.8614031876302],[-87.6103972187081,41.8611379767459],[-87.6103609701438,41.8611377485646],[-87.610356309241,41.8608590062181],[-87.6104405296711,41.8608574781747],[-87.6104536118389,41.8607959863811],[-87.6104770599283,41.8607511968527],[-87.6105012170573,41.8607249354778],[-87.6105358811193,41.8607028566007],[-87.6107577686391,41.8607008225284],[-87.6107594375811,41.8602876516775],[-87.6107049510596,41.8602159583193],[-87.6106772320317,41.8602121820764],[-87.6105769323546,41.8601950854089],[-87.6105408446274,41.8601806224925],[-87.6104999893615,41.86016167015],[-87.6104450980389,41.8601055820506],[-87.6104264736245,41.8600684174251],[-87.6103736843274,41.8599072033816],[-87.6103677151094,41.8598464492377],[-87.6103634923687,41.8597935958105],[-87.6103651475254,41.8597484975922],[-87.6103751814334,41.8596928181418],[-87.610383456801,41.8596506773633],[-87.6104012579737,41.8595979625705],[-87.6104647860485,41.8594575480194],[-87.6104806242985,41.8594161408966],[-87.6104888459087,41.8593583918372],[-87.6104893287786,41.85931551594],[-87.6104804944966,41.8592646916765],[-87.6104503246869,41.8592137331229],[-87.6104088073845,41.8591721364999],[-87.6102549671055,41.8590811222644],[-87.6100406159715,41.8589238647027],[-87.6099841072648,41.8588485564225],[-87.6099251298794,41.8587480197473],[-87.6098947428541,41.85863497097],[-87.609886432983,41.8585376691866],[-87.6098948966297,41.8584584822153],[-87.6099168317401,41.8583850401185],[-87.6099581307088,41.8582830768472],[-87.609999284985,41.8581125063365],[-87.6100022161073,41.8580152753493],[-87.6099849937708,41.8578537705264],[-87.6099708313084,41.8577464839588],[-87.6099560407339,41.8576949360639],[-87.6099224508636,41.857621830281],[-87.6098946774637,41.8575415574625],[-87.6098629436479,41.857486987058],[-87.6098043794534,41.8574109796617],[-87.6097554730629,41.8573533852724],[-87.6097081861464,41.857294600455],[-87.6094785624559,41.8570885350901],[-87.6094330841608,41.857032162778],[-87.609389129387,41.8569627648491],[-87.6093563865899,41.8568960103176],[-87.6093446571316,41.8568172106194],[-87.6093455024483,41.8567422635365],[-87.6093575758586,41.8566481774599],[-87.6093920902891,41.8565578346696],[-87.6094472761736,41.8564653924538],[-87.6094746095091,41.856320119308],[-87.6096387453554,41.8554565423177],[-87.6098018998329,41.8546999846849],[-87.6098798802471,41.8542946693328],[-87.6099430502075,41.8539209910569],[-87.6099095761326,41.8537767068543],[-87.6098381986137,41.8536165759265],[-87.6097233706444,41.8534849858756],[-87.6095526419862,41.8533671077449],[-87.6093151052637,41.8532333717883],[-87.608990929183,41.8531742129277],[-87.6087175220583,41.8531699155372],[-87.606593121303,41.8533384710213],[-87.6067723344436,41.8559696292037],[-87.6070259319782,41.8591247224269],[-87.6070644312413,41.8598991878783],[-87.6068519904972,41.8599587323392],[-87.6067507522717,41.8600044011445],[-87.6065450979984,41.8600521533861],[-87.6063335753305,41.8600508146191],[-87.6061827764788,41.8600764448811],[-87.6059661851882,41.8600769600182],[-87.6060250390721,41.8620708594374],[-87.606433465049,41.8620689858026],[-87.6067801554139,41.8622509279799],[-87.6068709120676,41.862341033261],[-87.6070019031042,41.8624847342962],[-87.6070895971708,41.8626225013795],[-87.6071491501557,41.8627734686776],[-87.6072035352514,41.8629147983919],[-87.6073142599179,41.8632681345239],[-87.6073966149843,41.8635737813875],[-87.6074436614484,41.8637148930677],[-87.6074745239824,41.8639480063161],[-87.6074797950937,41.8641716959646],[-87.6074374408154,41.8644473968459],[-87.6073981962068,41.8645293047527],[-87.6073148191981,41.8647195030216],[-87.6072707386793,41.8648029239495],[-87.6072098273763,41.8648732032629],[-87.6071430709658,41.8649328116183],[-87.6070506080166,41.8649931149472],[-87.6069554343812,41.8650496277138],[-87.6068555065094,41.8651004503135],[-87.6067776738845,41.8651249992142],[-87.606724979774,41.8651382155692],[-87.6066656242456,41.8651520758133],[-87.6065909683782,41.8651594931317],[-87.6065308618848,41.8651383593803],[-87.6064007771033,41.8650560661733],[-87.6063009796835,41.8649333153685],[-87.6063014355244,41.8647918179133],[-87.6060510723419,41.8647946921204],[-87.6060583378415,41.865672040183],[-87.6059822328548,41.8657262716692],[-87.6059301370081,41.865767619994],[-87.605884957279,41.8658060963388],[-87.6058390016862,41.8658522859496],[-87.6057890853007,41.8659037674316],[-87.605733217023,41.8659742494072],[-87.6056877472159,41.8660585184806],[-87.6056524037196,41.8661401074489],[-87.6056243302242,41.8662280885454],[-87.6056170015146,41.8663077968243],[-87.605615799518,41.8664137857978],[-87.6056367715362,41.8665271189249],[-87.6056739678432,41.8666261475416],[-87.6057221891008,41.8667242169019],[-87.6057785906847,41.8668091313701],[-87.6058539971854,41.8668975965069],[-87.6059378776618,41.8669672485601],[-87.6060341754115,41.8670345779724],[-87.606132390536,41.8670947157934],[-87.6062877215054,41.8671565872502],[-87.6064560803119,41.8672027615278],[-87.6065817472029,41.8672297987024],[-87.6067362829529,41.8672403813867],[-87.6068781466422,41.867235275796],[-87.6070614575634,41.8672173969694],[-87.6072372506739,41.8671744290566],[-87.6073702192865,41.8671239865264],[-87.6074807547208,41.867068771141],[-87.6075930318426,41.8670015605692],[-87.6076847113268,41.8669295888232],[-87.6077578058349,41.8668574995869],[-87.6093922105912,41.8668393423332],[-87.6106209889925,41.8668162087346],[-87.6106486127686,41.8668083213362],[-87.6106613691938,41.8667962240054],[-87.6106639011858,41.8667751435283],[-87.6125999149321,41.8667476896004],[-87.6127059573359,41.8667447532154],[-87.6127082563267,41.866969109958],[-87.6126601702128,41.8670010531386],[-87.6126272445915,41.8670315477991],[-87.6125808667879,41.8670748216911],[-87.6125227913737,41.8671380894622],[-87.6124782780331,41.8671992126281],[-87.6124421112711,41.8672526699701],[-87.6124109382516,41.8673109610822],[-87.6123892109043,41.8673658811709],[-87.6123743899588,41.8674187864251],[-87.612359389647,41.8674672311474],[-87.6123483574341,41.8675301080819],[-87.6123443321097,41.8676228727022],[-87.6123538902708,41.8677116062248],[-87.6123684595092,41.8677832196532],[-87.6123885778624,41.867851094573],[-87.6124315619676,41.8679465555035],[-87.6124709770203,41.8680124933487],[-87.6125189375359,41.8680735108656],[-87.6125698809457,41.8681345470827],[-87.6126266395989,41.8681885876352],[-87.6126891595583,41.86824043461],[-87.6127802333792,41.868303780728],[-87.6128401831599,41.8683393175227],[-87.6129095750074,41.868371826238],[-87.6129913551599,41.8684045841309],[-87.6130990167642,41.868441620653],[-87.6131962355427,41.868468643694],[-87.6132926078236,41.8684893152724],[-87.6133746615877,41.8684977194086],[-87.6134760216986,41.8685033287388],[-87.6135783631066,41.8685032841185],[-87.613930154657,41.8685012004471],[-87.614069928742,41.8684984741033],[-87.6141732686751,41.8684912315559],[-87.6142785152811,41.8684776547801],[-87.6144020342559,41.8684511571176],[-87.6144904611046,41.8684232390677],[-87.6145729087951,41.8683964841371],[-87.6146669075437,41.8683627692958],[-87.6147524953955,41.8683219696152],[-87.6153607780891,41.8683036485233],[-87.6154079419426,41.8683746077537],[-87.6154380343803,41.8684127007914],[-87.6154759050499,41.8684529006266],[-87.6155156190243,41.8684924259084],[-87.6155542644686,41.8685249123626],[-87.6156272458364,41.8685853988972],[-87.6157107896409,41.8686452653244],[-87.6157829820021,41.868694255291],[-87.6158741937904,41.8687455937337],[-87.6160177175382,41.8688180122294],[-87.616130775294,41.868865199028],[-87.616225194713,41.8688964899108],[-87.6162644836267,41.8706782663274],[-87.6162794311642,41.8715788156213],[-87.6162458542585,41.8716264587688],[-87.6162491040861,41.8717257864806],[-87.6162857244709,41.87177541157],[-87.6162941385385,41.8719670468065],[-87.6162083529732,41.8719635953977],[-87.6162134325915,41.8722687529997],[-87.6162520268498,41.8739484724265],[-87.616237126806,41.8739470072661],[-87.6161959298698,41.8748609266983],[-87.6161997758756,41.8759538461759],[-87.6163184810258,41.8778168999836],[-87.6163464777369,41.8778170747797],[-87.6163777540389,41.8797823196426],[-87.6164592990524,41.8797759681008],[-87.6164810762864,41.8805585561822],[-87.616058043745,41.8805631183767],[-87.6157246692459,41.8805747568788],[-87.6157520172423,41.8814330179545],[-87.6165052554579,41.881434291858],[-87.6165133167464,41.8817192287817],[-87.6164071861793,41.8820152874018],[-87.6162692776606,41.8821564408718],[-87.61606914341,41.8823205315886],[-87.6157971046645,41.8824289448401],[-87.6154692151125,41.8824828095634],[-87.6150036320671,41.8824943054911],[-87.6144688573161,41.8825358961099],[-87.6141030360927,41.8826155897691],[-87.6137219217998,41.8827490421621],[-87.6133209761097,41.8829724143548],[-87.6130406754554,41.8832027164547],[-87.6128347142328,41.8834758485068],[-87.61275672451,41.8837168523447],[-87.6127437865622,41.8840512254719],[-87.6099934374004,41.8840730399333],[-87.6099219481084,41.887093825791],[-87.6096604624594,41.8871796508762],[-87.6095169406079,41.8879987591197],[-87.6078072911671,41.8881886428161],[-87.6078158740086,41.8881603970858],[-87.6075637935663,41.8881649787358],[-87.6075128375936,41.8882054772218],[-87.6025057294127,41.8882900076941],[-87.6025170647129,41.888403108123],[-87.6075282412207,41.8883249489357],[-87.607551069377,41.88853880075],[-87.6046879537357,41.8885896186343],[-87.6046992909849,41.8887028903752],[-87.6076609439909,41.888666930673],[-87.6076980418364,41.8893642014808],[-87.6094932830846,41.8893827350476],[-87.6094378480042,41.8908771373788],[-87.6005952132277,41.891090504414],[-87.6005665348417,41.8913904722538],[-87.5985102879077,41.891428444179],[-87.5985293615116,41.8922477206107],[-87.6000892003495,41.8922228736746],[-87.6000749363039,41.8924263705773],[-87.6098038117003,41.8922133142981],[-87.6098290641801,41.8931080943889],[-87.6022598912901,41.8933030206012],[-87.6023257323724,41.8963462814136],[-87.6101621593571,41.8962200971294],[-87.6116731173764,41.893877450066],[-87.6126556688623,41.8937498391139],[-87.6139104927246,41.8933949536358],[-87.6148940304197,41.8946325870309],[-87.6183791945429,41.8998376831378],[-87.6190433294973,41.9008496358291],[-87.6192090961723,41.9010547691589],[-87.6193189634803,41.901166936821],[-87.6194936953604,41.9013093511534],[-87.619883722697,41.9015390318492],[-87.6205775534628,41.9017424689505],[-87.6215259917948,41.9019256980497],[-87.6217549246974,41.9023771710486],[-87.6218991864226,41.9025972604736],[-87.6220126238041,41.9027193954998],[-87.6221414775989,41.9028798736293],[-87.622264108858,41.9030425427672],[-87.6224249543968,41.9031960150629],[-87.6225514344221,41.9033015933871],[-87.6226997612632,41.9034453829914],[-87.6228355216525,41.9035630244459],[-87.6230411368465,41.9037167728682],[-87.6232626735051,41.9038634157659],[-87.6235832360402,41.9040036382523],[-87.6235804347657,41.9040699970419],[-87.6241203652661,41.9056113031998],[-87.6247890623427,41.9074700166342],[-87.6250324280094,41.9085721257651],[-87.6251511126755,41.9098828842787],[-87.6251427269713,41.9099975756358],[-87.6251316313497,41.9100873807018],[-87.6251237993504,41.9101727465222],[-87.6251031136418,41.9102576900337],[-87.6250686425094,41.9103434060825],[-87.6250246267428,41.9104201445004],[-87.6249322377555,41.9105108201679],[-87.6248456281897,41.9105771763894],[-87.6247781833874,41.9106546277195],[-87.6247332202049,41.9107339328889],[-87.6247022055899,41.9108184695497],[-87.6246767014843,41.9109652998935],[-87.6246649238688,41.9110751678598],[-87.6246602694796,41.9111638120152],[-87.6246592336267,41.9112366991885],[-87.6246706458754,41.9114089699481],[-87.6232626265346,41.9124866428169],[-87.6230746888565,41.9125998804673],[-87.6229419217532,41.9126661212178],[-87.6227444808418,41.9127458542557],[-87.6225371118009,41.9128097461876],[-87.6223308587334,41.9128558071752],[-87.6222158420188,41.9128743045248],[-87.6220994932932,41.9128886771674],[-87.6219822717926,41.912898927944],[-87.6218710733725,41.9129044135221],[-87.6217051712771,41.9129147054079],[-87.6213879864569,41.9129628213778],[-87.6211823580056,41.9130145441406],[-87.6209596932443,41.9130908588881],[-87.6208646408934,41.9131310895278],[-87.6207759869278,41.9131741040214],[-87.620632681667,41.9132584571987],[-87.6205372891978,41.9133292149811],[-87.6204301088013,41.9134275132822],[-87.6203373190184,41.9135325898923],[-87.6202574372357,41.9136538689187],[-87.6202177320827,41.9137345770332],[-87.6201742008243,41.9138495642051],[-87.6201475861474,41.9139713454818],[-87.6201398854159,41.9140855260903],[-87.6201433602321,41.9142478000754],[-87.6201555040965,41.9145389350329],[-87.6201903423576,41.9146273096839],[-87.620230572041,41.9146851882868],[-87.6202907877303,41.9147423334156],[-87.6203591717203,41.9147876947553],[-87.6204338718109,41.9148226329051],[-87.6205208464911,41.9148482139271],[-87.6206396320185,41.9148628439112],[-87.620725991727,41.9148611502111],[-87.6208237551291,41.9148458060767],[-87.6209122378247,41.9148183982873],[-87.6209969600426,41.9147781035392],[-87.6209629146661,41.9147422173839],[-87.6208385749062,41.9147934147048],[-87.6207494987612,41.9148122430472],[-87.6206598959038,41.9148164893484],[-87.6205722520749,41.9148097708345],[-87.620475141973,41.9147870426693],[-87.6204068023718,41.9147583185469],[-87.6203213157143,41.9147022171592],[-87.6202718288622,41.9146507986395],[-87.6202123215858,41.9145300261476],[-87.6202046797104,41.9143913952467],[-87.6206894710445,41.9139537851493],[-87.621426720781,41.9136925114158],[-87.6222937114173,41.9137407619498],[-87.6233007602459,41.9140804171192],[-87.6245562704227,41.9147527912576],[-87.626727126959,41.9163404991353],[-87.6260514331425,41.9167869066585],[-87.6261005768799,41.9168283727458],[-87.6263809204208,41.9166450353821],[-87.6277237555251,41.9177153104917],[-87.626807860205,41.9182439448906],[-87.6268394631118,41.9182935353967],[-87.6271858649772,41.9180968814224],[-87.628372787192,41.9192322227002],[-87.6273328731277,41.9197393464416],[-87.6273580096579,41.919792327315],[-87.6278661804312,41.9195457261814],[-87.6289414544893,41.9208132986947],[-87.6288024477445,41.9208820805442],[-87.6287688163032,41.9208496295497],[-87.6277109898181,41.9213545884578],[-87.6277647195252,41.9213971110732],[-87.6283822856521,41.9211024699335],[-87.6294305539018,41.9224065757631],[-87.6283439020169,41.9230664122241],[-87.6283907234807,41.9231107787742],[-87.6289536191633,41.9227766938286],[-87.6295978285693,41.9234229636708],[-87.6300629699383,41.9239386402007],[-87.6300928926386,41.9241207997365],[-87.6298229587333,41.9242952909523],[-87.6297976995164,41.9242740399753],[-87.6291398238944,41.9246816404929],[-87.6292135387469,41.9247241134642],[-87.6300912247119,41.9241472026638],[-87.6302646371111,41.9257982282457],[-87.6298820792833,41.9261680702029],[-87.6297119508579,41.9261001373754],[-87.6296563883609,41.9261821235232],[-87.6296089790611,41.9263581492017],[-87.6296030100167,41.926483317724],[-87.6296449198008,41.926807735734],[-87.6298057295123,41.9270968643964],[-87.6299999529368,41.9273133041304],[-87.6302143539492,41.9275120296559],[-87.6305865805188,41.9280003785815],[-87.6303766488682,41.928063754217],[-87.6306866299316,41.9286573741678],[-87.6308620318612,41.9291664712251],[-87.6309772409432,41.929949450271],[-87.630964038272,41.9304620240711],[-87.6308655218902,41.9310673793598],[-87.6306670837595,41.9317150014611],[-87.6306865292879,41.931910474555],[-87.6308078986467,41.9321322983685],[-87.6310177376047,41.9323088690789],[-87.6313045585807,41.9324195343269],[-87.6315986819298,41.9324508326575],[-87.6324098605561,41.9324597323097],[-87.6326338244367,41.9323955810899],[-87.632647631374,41.9318686037862],[-87.6328082036539,41.931405124471],[-87.6326963962947,41.9306868288561],[-87.6327281343802,41.9299694090276],[-87.6325447081143,41.9292475888166],[-87.632408460797,41.9271117533347],[-87.6323393900235,41.9265187513379],[-87.6321706404337,41.926261650787],[-87.6319956567008,41.9254834527513],[-87.6314231349684,41.9242435106071],[-87.6308263897341,41.9228271008302],[-87.6305848155472,41.9224060994195],[-87.6304777610094,41.9221581210151],[-87.6303749687275,41.9219822044673],[-87.6300646203356,41.9211951130064],[-87.6299767295704,41.9209172365112],[-87.6298326875095,41.9200855401642],[-87.6296613813876,41.9194155857104],[-87.6295461577302,41.9191176456683],[-87.6294044625648,41.9186583199893],[-87.6292443325363,41.9182467334923],[-87.6289929516294,41.9175505596915],[-87.6288588024838,41.9172200866142],[-87.6288716557115,41.9172206800136],[-87.6287103666701,41.9169150812978],[-87.6286264983028,41.9167735819965],[-87.6286142263158,41.9167201657862],[-87.6286186846036,41.9166697679948],[-87.6286448536518,41.9166080119993],[-87.6286862091282,41.9165643581772],[-87.6287491488708,41.9165208367869],[-87.6288502861094,41.9164910993382],[-87.6288873077973,41.916486524076],[-87.6289282009639,41.9164848882924],[-87.6289805242273,41.9164879534906],[-87.6290682067222,41.9165123317817],[-87.6291240753251,41.9165480063451],[-87.6291682239077,41.9165844665788],[-87.6292033735861,41.9166457411614],[-87.6292256042204,41.9167124249654],[-87.6292531203862,41.9168623255256],[-87.6293479376068,41.9170733547158],[-87.6293670792049,41.9170659254499],[-87.6295589781898,41.9174701599568],[-87.6296389230496,41.9176346174094],[-87.6298314146968,41.9182360962618],[-87.6300471640809,41.9189157560905],[-87.6301766776328,41.9192091522732],[-87.6305309117798,41.9199306509192],[-87.630780137078,41.9206581949828],[-87.6308566320872,41.920949379255],[-87.6309352461182,41.9213405690879],[-87.6309682384218,41.921536125348],[-87.6313194859051,41.9226577451229],[-87.6315233799398,41.9229759493332],[-87.6316709640306,41.9231934734181],[-87.6319854582186,41.9238982589483],[-87.6320033899732,41.9242321345721],[-87.6320013856211,41.9242473870681],[-87.6321983602056,41.9248207604324],[-87.6325836106315,41.9260497795617],[-87.6327366063111,41.9266552995458],[-87.6330537449034,41.9268268613847],[-87.6334888735245,41.9271303496601],[-87.6338541462533,41.927647631509],[-87.6340763100714,41.9284827133585],[-87.6341722442166,41.9288258106148],[-87.6347475710189,41.929880348904],[-87.6349711861096,41.930436727727],[-87.6350499087247,41.9308423219725],[-87.6351365231042,41.9313668231357],[-87.6350785996348,41.9320024437342],[-87.6350077403133,41.9323498425632],[-87.6348846476812,41.9325372443591],[-87.6347809849597,41.9326700513656],[-87.6345690381051,41.9328118040893],[-87.6343096097362,41.9329054150391],[-87.633932983336,41.9329197582986],[-87.6328161979882,41.9329415928559],[-87.6324723741669,41.9325822316543],[-87.6315235117772,41.9326030203811],[-87.6313962904114,41.9327260755521],[-87.6313893956619,41.932977815456],[-87.6309133189135,41.9329913692547],[-87.6307782523601,41.9330337643182],[-87.6307676556981,41.9325761010319],[-87.6307144192276,41.9325294665769],[-87.6306649707261,41.932556263129],[-87.6306972010184,41.9325914491576],[-87.6307142617745,41.9328786674317],[-87.6305482074454,41.9329191574568],[-87.630419731784,41.9329888631118],[-87.6302813568051,41.9331024155009],[-87.6301937104318,41.9332399472758],[-87.630143874234,41.9334065248432],[-87.6301865692117,41.9335973379686],[-87.6302802539411,41.9337884633061],[-87.6304718932832,41.9340539390983],[-87.6309792183192,41.9346264688123],[-87.6315543568159,41.9354256371737],[-87.6319293185688,41.9361306195212],[-87.632030205211,41.9365457840636],[-87.632113631671,41.9369193355779],[-87.632349796733,41.937357622659],[-87.6325099179806,41.9375872276696],[-87.6328125060238,41.9378967694994],[-87.6332512414968,41.9386542764592],[-87.6333322875642,41.9388262841021],[-87.6338318550867,41.9404086248077],[-87.6338729779035,41.9407446986611],[-87.6338578363453,41.941247312282],[-87.6338933338472,41.9415096010413],[-87.6339464003537,41.9416147190033],[-87.6340626769373,41.9417166201541],[-87.634241573608,41.9417641897138],[-87.63433391754,41.9417647519509],[-87.634342186773,41.941891036163],[-87.6344602586047,41.9418917549284],[-87.6344664130256,41.9416226878487],[-87.6345434010809,41.9415778769038],[-87.6346462476626,41.9415212173293],[-87.634717140566,41.9414454967595],[-87.6347788399509,41.9407598184438],[-87.6354839397904,41.9407735394945],[-87.6355051092476,41.9405807155344],[-87.6349234414088,41.9405396173076],[-87.6349936400116,41.9403800222506],[-87.6351430734445,41.9401378964876],[-87.6354060483614,41.9399323070773],[-87.6358871298219,41.939780353768],[-87.6363373053609,41.939745011501],[-87.6368158538847,41.9397621512058],[-87.6368174059611,41.9397884021836],[-87.6370671397693,41.9398279928977],[-87.6379243137543,41.9408133872852],[-87.6383964584457,41.9413999062618],[-87.6385063684844,41.9423850585097],[-87.6386054889415,41.9427137634632],[-87.6387728334406,41.9430219564202],[-87.6389809486064,41.9432568164523],[-87.6393399359448,41.9435399258446],[-87.6395787591015,41.9435914510791],[-87.6403611809501,41.9446991786085],[-87.640483241095,41.9449261413597],[-87.6403206451642,41.9450692312449],[-87.640249862533,41.9451986395705],[-87.6402349812666,41.9452999141148],[-87.6402943654157,41.9454169016513],[-87.6402055387098,41.9455153286229],[-87.6400807121015,41.9457133589078],[-87.6400215506926,41.9458726805627],[-87.6400401014096,41.9459204732829],[-87.640083882396,41.9459932877755],[-87.6401964515398,41.9460785234862],[-87.6403402224565,41.9461889883626],[-87.6405423612357,41.9463831607351],[-87.6408349578839,41.9466255590824],[-87.6412749828923,41.9469594044492],[-87.6417709681548,41.9474090136377],[-87.6420565375876,41.9477072798387],[-87.6421396120328,41.9478436185018],[-87.6421499685977,41.9479270362948],[-87.6421005998954,41.9479883123362],[-87.6419686380222,41.9480175325915],[-87.6417522194928,41.9479745514498],[-87.6414504895577,41.9478322641875],[-87.641184514585,41.9476555460083],[-87.6408617803647,41.9473951294392],[-87.6404020114228,41.9468265331839],[-87.6401916621149,41.9466479187187],[-87.6402936375895,41.9465235011297],[-87.6400301801442,41.9463908743625],[-87.6399914524673,41.9464453532364],[-87.6398212836612,41.9463752056149],[-87.639563239349,41.9463367712726],[-87.6391788654511,41.946338049768],[-87.6388520046546,41.9463110321593],[-87.6386851139647,41.946256510393],[-87.6387095492646,41.9462065763492],[-87.6373436818201,41.9457885593335],[-87.6368266919121,41.945056492611],[-87.6369727723181,41.944911763897],[-87.6368535240388,41.9446386774015],[-87.636574088053,41.9440759617971],[-87.6361705117331,41.9432051397741],[-87.6360933947063,41.9431141124202],[-87.6359636880711,41.9430002973465],[-87.6358606451302,41.9429483889229],[-87.635715840653,41.9429130349784],[-87.6354426766681,41.9423455522125],[-87.6353947541299,41.9423582959253],[-87.6356632096361,41.9429151163625],[-87.6356074280437,41.942911175608],[-87.6352816240301,41.9421993012981],[-87.6352013584152,41.9422286565977],[-87.6355226499518,41.9429118609704],[-87.6353290855119,41.9429238908954],[-87.6351835471434,41.9429979573538],[-87.6350260196982,41.9430969916606],[-87.6347855622603,41.9431956927288],[-87.6345718997658,41.9431967937504],[-87.6343396697844,41.9431310626348],[-87.6341119061674,41.9429509588306],[-87.6339806639899,41.9427047238388],[-87.6338504415227,41.9423442669831],[-87.6336961433951,41.9422529392863],[-87.6334884717267,41.9421686611323],[-87.6333610374631,41.9421627388864],[-87.6332107713707,41.9422069306993],[-87.6330661574783,41.942301410212],[-87.6330075036663,41.9424130506997],[-87.6329999512424,41.9425153981224],[-87.6330432133224,41.9426346922883],[-87.6331252526282,41.9427163184751],[-87.6345853235913,41.944050325908],[-87.6368425736159,41.9465312603173],[-87.6375629320125,41.9474717474291],[-87.6397894535066,41.9519611986863],[-87.6404703397339,41.9536281293574],[-87.6406434677222,41.9541270765025],[-87.6407262815056,41.9541394105247],[-87.6413418129553,41.9565419035186],[-87.6414522338601,41.957252461285],[-87.6416827099184,41.9583782890013],[-87.6415779108265,41.9593359003559],[-87.6410315756786,41.9593049935926],[-87.6410277759319,41.9593588257355],[-87.6416110440901,41.9593956149748],[-87.6415375343785,41.9600520664846],[-87.6415307431767,41.9601912940339],[-87.6416015908071,41.9603546581745],[-87.6417326722271,41.9605367370143],[-87.6422016525022,41.960964741656],[-87.6422969743609,41.9612877596479],[-87.6422459476523,41.961629106114],[-87.6421021897853,41.9618753906729],[-87.6418945842975,41.9620756681076],[-87.6417228099664,41.9621924627543],[-87.6414053399314,41.962309408208],[-87.6410074947166,41.9623787020837],[-87.6392136051443,41.9625964967323],[-87.6375685587821,41.9627983572118],[-87.6367030391821,41.9628905278279],[-87.6361348950068,41.962876102141],[-87.6356854071503,41.9627491963105],[-87.6354133523133,41.9624937038245],[-87.6353345164269,41.9622633973824],[-87.6353529785363,41.9620456883567],[-87.635456027229,41.961910305149],[-87.6356890653241,41.9615501724627],[-87.6365826697861,41.9608402191098],[-87.6377910799517,41.9603829181613],[-87.6385511550017,41.9602635166747],[-87.639080508017,41.9603353241341],[-87.639442169502,41.9604654592008],[-87.6398597494857,41.9607156468962],[-87.6402692887356,41.9609023247654],[-87.6404319174412,41.9609084517975],[-87.6407692584479,41.9607809950747],[-87.6409315084647,41.9605461435212],[-87.6409470074389,41.9602819356392],[-87.6407972250754,41.9599808846551],[-87.6404833216598,41.9597906695325],[-87.6401561695184,41.9596993365019],[-87.6403490288696,41.9592267821233],[-87.6402898846257,41.9592137331518],[-87.6400602198361,41.9596898384673],[-87.639776473263,41.959622092211],[-87.6389933954693,41.9594482471731],[-87.6382982835421,41.9593845261173],[-87.6374811281701,41.9593866082099],[-87.6368353906221,41.9594946904485],[-87.6361553007148,41.9598027159848],[-87.6353234327939,41.9604154507023],[-87.6347315371575,41.9610207211345],[-87.6343064476735,41.961354127295],[-87.6340081849518,41.9614999833966],[-87.6332673204627,41.9618146534732],[-87.6320726275622,41.9622939440277],[-87.6318448338971,41.9623205089643],[-87.6315243037412,41.9624423822337],[-87.6312248057168,41.9626787822562],[-87.6310824703344,41.9628542268288],[-87.6309970856706,41.9630751274948],[-87.6310135418899,41.9633134593961],[-87.6311605073761,41.9635954677731],[-87.6313746820527,41.9638470146177],[-87.6316537358871,41.9640082273706],[-87.6317631445362,41.9643205346638],[-87.6318469885887,41.9649103647283],[-87.6319332803974,41.965465735576],[-87.6319092771435,41.9659569727907],[-87.6318395124281,41.9663879009121],[-87.6317161767244,41.9668209027503],[-87.6315638706678,41.9672130788377],[-87.6313532962589,41.9676373143063],[-87.6311380248821,41.9679867411214],[-87.6308951479687,41.9683383997795],[-87.6308776783842,41.9685060322196],[-87.6309250635758,41.9686277530749],[-87.6310852206471,41.9687769197553],[-87.6312907710888,41.968852613392],[-87.6314620763867,41.9688656667147],[-87.6316831818638,41.9688224250033],[-87.6318241853596,41.9687485072067],[-87.6319367219024,41.9686298220402],[-87.6319904794522,41.9684641262575],[-87.6319698101111,41.96833708065],[-87.6318984668489,41.9682203592167],[-87.6318256514224,41.9681540534522],[-87.6317567138549,41.9681951382397],[-87.6318877393192,41.9683602479674],[-87.6319011713256,41.968476615588],[-87.6318276651262,41.9686408185542],[-87.6316830681517,41.9687490169149],[-87.6314899317578,41.9687986040724],[-87.6312883446812,41.9687805632624],[-87.6311455546471,41.9687241198965],[-87.6310100246115,41.968592598247],[-87.6309676988764,41.9684287162781],[-87.6310062425162,41.9683092362798],[-87.6312111991068,41.9680202906063],[-87.6314803850243,41.9675746316632],[-87.6316326593557,41.9672692409188],[-87.6317449810508,41.9670023676619],[-87.6318820033466,41.9665787111166],[-87.6319573523848,41.9662462653779],[-87.6337652152566,41.9661912636259],[-87.634620240428,41.9662227120645],[-87.6354614595882,41.9663610941304],[-87.6376142054405,41.9671150949147],[-87.6382335593029,41.9673903511447],[-87.6414713039849,41.9687653736155],[-87.6431709647294,41.9695211695086],[-87.6446289094706,41.9702960718957],[-87.6453287133113,41.9712595378703],[-87.6459271871855,41.9723292450731],[-87.6461278262174,41.9728003906576],[-87.646274761884,41.9737776909344],[-87.6463494473466,41.9762811909358],[-87.6463917712719,41.9770268372076],[-87.646521081314,41.9772925975815],[-87.6466678626102,41.9774512670524],[-87.646120545264,41.9778177727274],[-87.6461505966863,41.9778447085507],[-87.6466969873647,41.9774788832413],[-87.6468279320022,41.9775712539941],[-87.6470465031324,41.9776802706396],[-87.6472068284354,41.97773371177],[-87.6473751453064,41.9777707352384],[-87.6478461947828,41.9778066508207],[-87.6479376307754,41.9780467995809],[-87.6491413862933,41.9792283254163],[-87.6500668294674,41.9801723528449],[-87.6506875799386,41.9807856006245],[-87.650715612819,41.9812816094169],[-87.6507409147478,41.9827005094904],[-87.6505443567248,41.9838422981867],[-87.6502655429322,41.9845923775678],[-87.6497858649897,41.9855517057505],[-87.64935746516,41.9864010549753],[-87.6494024063385,41.9864119564884],[-87.6497969007361,41.9857020161265],[-87.6504240176258,41.9858748594935],[-87.6514070519356,41.9865168418701],[-87.6518725085617,41.9870403167824],[-87.6529880189744,41.9882627828358],[-87.654098250401,41.9895532969095],[-87.6541159378322,41.9896844367876],[-87.6540276707845,41.9898993336503],[-87.6538704204119,41.9899640921195],[-87.6537976432598,41.9898897396325],[-87.6537016789867,41.9898987761985],[-87.6538699398517,41.990290305207],[-87.6539951456466,41.9902339327145],[-87.6539736818917,41.9901552531713],[-87.6541547776356,41.9901830806456],[-87.6542442188306,41.9908742887988],[-87.6543058749331,41.9918220859338],[-87.6542382154975,41.992239317419],[-87.6541542248205,41.9925923067276],[-87.6541060375195,41.993059220243],[-87.6542627066682,41.9930714669332],[-87.6545328139593,41.9933996232501],[-87.6545169153937,41.9934677909972],[-87.6544607765248,41.9934715752989],[-87.6544550751164,41.9936619198538],[-87.6545105721138,41.9936752829551],[-87.654418804573,41.99387300807],[-87.654285740349,41.9938893722105],[-87.6542692073394,41.9940604433302],[-87.6543060335027,41.9942729929525],[-87.6543664101805,41.9943031931569],[-87.6543965297743,41.9945410868397],[-87.6546062331357,41.9945392397183],[-87.6545450425069,41.9948019771964],[-87.654564473274,41.9949639993438],[-87.6544815528388,41.9951079220353],[-87.6545085248537,41.9954257215898],[-87.6546178834486,41.9955850167396],[-87.6546275625744,41.995669457821],[-87.6545520988654,41.9958256019766],[-87.6544643637915,41.9959681240679],[-87.6543324925486,41.9960232569917],[-87.6543009873836,41.9959589251874],[-87.6542770041257,41.9959656437913],[-87.6542674359074,41.9960005756142],[-87.6544273403909,41.9972233719797],[-87.654443126719,41.997641782728],[-87.6544760351657,41.997790506597],[-87.6545160505117,41.9980493830726],[-87.6545877824522,41.9982230341783],[-87.6547613404913,41.998421470378],[-87.6551801564199,41.9990172047351],[-87.6552660726473,41.9990895757171],[-87.6555912465359,41.9996050023575],[-87.65596663402,42.0006980329416],[-87.6559807984345,42.0008150875376],[-87.6559411877332,42.0009292521311],[-87.6559337427961,42.0010458361827],[-87.6565168478379,42.0023714596134],[-87.6567348399207,42.0028919106329],[-87.6569348938691,42.0033477671065],[-87.6570204835072,42.003777393617],[-87.6570678567647,42.0040159024194],[-87.656992553734,42.0042216157637],[-87.6567963539751,42.0042264624833],[-87.6567968467387,42.0042667706254],[-87.6571798057135,42.0049097945497],[-87.6573588540545,42.0054826688395],[-87.6572993423389,42.0059778154025],[-87.6572808650166,42.0062895146624],[-87.6558502511509,42.0063150393119],[-87.6553540839672,42.0066969818149],[-87.6571905072268,42.0081773247707],[-87.6586584757502,42.0097566648077],[-87.6584224853915,42.009912725043],[-87.6585869239505,42.010173017144],[-87.6599834615364,42.0113150802314],[-87.661120231259,42.0125605701849],[-87.6610980352952,42.0127027946746],[-87.6611813795212,42.0128252273629],[-87.6614618837806,42.0131818981969],[-87.6614856054516,42.0133535484457],[-87.6614498919384,42.0135346269507],[-87.6619644112314,42.0145145663165],[-87.662017143362,42.0150551355106],[-87.6623821676507,42.0158837829211],[-87.6623064703431,42.0160834941343],[-87.6621585169429,42.016199256799],[-87.6622492164332,42.0163664961081],[-87.662820867697,42.0166403101865],[-87.6630050650277,42.0171468298337],[-87.6630862019349,42.0171737163788],[-87.6631363713557,42.0173022997636],[-87.6631806120202,42.0177327083621],[-87.6632742351346,42.0177752751977],[-87.6634176618968,42.0181566958842],[-87.6633385210316,42.0181586351194],[-87.6632795518352,42.018364275921],[-87.6633056034726,42.0184460673543],[-87.6633350005891,42.0185378259611],[-87.6634237439752,42.0186290733823],[-87.6636279735983,42.0186741720308],[-87.6638296752671,42.0188725866253],[-87.6639463687934,42.0191499148458],[-87.6638748749746,42.019212099488],[-87.6638396196025,42.0193717423268],[-87.6636372304335,42.0193702186473],[-87.663648163594,42.0195119507093],[-87.6638209486858,42.0195290807295],[-87.6640132588118,42.0201846890893],[-87.6637769279865,42.0202172699675],[-87.6640153995702,42.0213403439628],[-87.6642125594519,42.0212708308737],[-87.6646510014449,42.0216184664124],[-87.6646358859827,42.0218317382397],[-87.6646916000753,42.0220025448971],[-87.6647986768684,42.0222326505275],[-87.6650913269116,42.0224017495501],[-87.6652729951928,42.02262577154],[-87.6652730215214,42.0227550910901],[-87.6650581004598,42.023026714192],[-87.6651823977259,42.0234138523594],[-87.6655852999849,42.0241482063838],[-87.665865536281,42.0246914683597],[-87.6666825741552,42.0261897349809],[-87.666853570392,42.0264239830222],[-87.666996267942,42.0265927208193],[-87.6670369315517,42.0266637909329],[-87.6668906100416,42.0268419989494],[-87.6684010591048,42.0283820093373],[-87.6685315508323,42.0286191073478],[-87.6686946727123,42.0298755122286],[-87.6686150509665,42.030010544779],[-87.6686082337181,42.0302674286686],[-87.6683793121665,42.0303141257248],[-87.6683226494193,42.0303872041159],[-87.6683380246549,42.0304349732327],[-87.6685117906214,42.0303167797672],[-87.6686802803928,42.0304179179536],[-87.6686658602452,42.0305655053495],[-87.6685666662629,42.0305697331905],[-87.6684706510921,42.0306000490183],[-87.6683899110632,42.0306877379047],[-87.6683979017179,42.0308260219895],[-87.6684365657201,42.0308024059565],[-87.6685082395745,42.0306575513921],[-87.6687090715269,42.0307015922173],[-87.668788964931,42.0307613975892],[-87.6688183289521,42.0308576137072],[-87.6686660093085,42.0308603334697],[-87.6686556725045,42.0309251047324],[-87.6688059323101,42.0309434688995],[-87.6689047186948,42.0316631859812],[-87.6692089103183,42.03382255303],[-87.6692502213182,42.0338763034335],[-87.6693494398102,42.0338923134297],[-87.6695353042533,42.034911476648],[-87.6693951114886,42.0355164418494],[-87.6688294336336,42.0355337495048],[-87.6693370064762,42.0361918581201],[-87.6698737203237,42.0371238640088],[-87.6698774057279,42.037410994261],[-87.6695976981556,42.0375380101134],[-87.6695715030304,42.0376232709606],[-87.6695518466959,42.0388930224439],[-87.6695161624292,42.039049919838],[-87.6694432572216,42.0392460493781],[-87.6692665273025,42.0393815494686],[-87.6691750468465,42.0394170373788],[-87.6691499212888,42.0394436476458],[-87.6691213205122,42.039538842057],[-87.6691899783583,42.0398832897252],[-87.6692943432176,42.0406875924019],[-87.6692995420476,42.040829118739],[-87.6692949969521,42.0408899787108],[-87.6693288181581,42.0409563774787],[-87.6693928260745,42.0410846946821],[-87.6693871039122,42.0411481205049],[-87.6686775789727,42.0418492653912],[-87.6686908302671,42.0418582606793],[-87.6692784439988,42.0413306651984],[-87.6694631329553,42.0412710188656],[-87.6699385928678,42.0414821533987],[-87.670561950941,42.0421188003205],[-87.6709755635782,42.042658702166],[-87.6720142537777,42.0439393581779],[-87.6719613827078,42.0439788439666],[-87.6719844998077,42.0442346993717],[-87.6721250366986,42.0445725272649],[-87.6722566808765,42.0451468167285],[-87.6721747504809,42.0454145871999],[-87.6721298612568,42.0454386830908],[-87.6715914849684,42.0456105209297],[-87.6716114478442,42.045638077705],[-87.672148711913,42.0454847564988],[-87.6722810439667,42.0459263007039],[-87.6716117552456,42.046140605164],[-87.6712216387095,42.0456841955406],[-87.6711085256062,42.0457192171225],[-87.6715924681152,42.0462696413409],[-87.6718812163727,42.0461617106298],[-87.6724240525578,42.0470695554639],[-87.6726412559251,42.0480482439465],[-87.6722152070356,42.0481260574313],[-87.6716804640883,42.0486551726638],[-87.672081234917,42.049306649206],[-87.6721707645691,42.0499264889253],[-87.6720378236778,42.0504081816193],[-87.6717221494532,42.0507140518393],[-87.6712305486331,42.0507204784275],[-87.67124000939,42.0504742441682],[-87.6711042621083,42.0504720888972],[-87.671086829212,42.0516629559563],[-87.6710869081721,42.0525193072791],[-87.6704990138311,42.052489843919],[-87.6703620450932,42.0520957797226],[-87.6700751999369,42.0519294725137],[-87.6699859281607,42.0519279275115],[-87.6693811087543,42.0521100042951],[-87.669295227783,42.0522247623407],[-87.6696244890268,42.0531354998187],[-87.6700983717228,42.0550771623919],[-87.670171275718,42.0558339435899],[-87.6701736729217,42.0568422656656],[-87.6700253984232,42.0578656672833],[-87.6695782606779,42.0596966964479],[-87.6697014974075,42.0597970564681],[-87.6701585205924,42.059913237933],[-87.6707872450312,42.0600288653477],[-87.6709461940747,42.0600150329867],[-87.6710878047518,42.0598978513042],[-87.6714049254375,42.0600557549244],[-87.67343795201,42.0622255733322],[-87.6735253640059,42.0627860560257],[-87.6742041719323,42.063848516135],[-87.6738177414041,42.0641358048841],[-87.6757024725347,42.0659529628377],[-87.6759477123107,42.066277492504],[-87.675931248222,42.066490070448],[-87.6765645215011,42.0669979353137],[-87.6770677039861,42.0674882448473],[-87.6769302362636,42.0675601788436],[-87.6769473684811,42.0675952648416],[-87.677148312477,42.0676626167617],[-87.6772700801629,42.0678859327113],[-87.6772693932248,42.0679526461126],[-87.6774164490994,42.0681344295687],[-87.6796970331115,42.0717524056305],[-87.6794222065805,42.0718619783085],[-87.6794474381599,42.0718931653366],[-87.6797244416726,42.0717957821888],[-87.6799498279331,42.0721524337855],[-87.6799554936072,42.0722509126242],[-87.6802733512787,42.0727267747176],[-87.6806872613192,42.0732198186277],[-87.680592786165,42.0733861602415],[-87.6806136997665,42.0735243444926],[-87.6806905825492,42.0735247817486],[-87.6807681135632,42.0734394677944],[-87.6816666715799,42.0746689813155],[-87.6818570723059,42.0754322512162],[-87.6818569080061,42.0757634353802],[-87.6818144801941,42.0761753321316],[-87.6817661348917,42.076467996066],[-87.6816826805142,42.0767270162358],[-87.6814518339417,42.0766989496699],[-87.6801732555689,42.0768762240285],[-87.6801745906806,42.0769256263882],[-87.6814932388247,42.0767472075457],[-87.6822450041526,42.0768931420665],[-87.6824371227072,42.0765659625159],[-87.6827421554731,42.0763404419676],[-87.6840552150942,42.0767761378807],[-87.6832671832559,42.0773863670928],[-87.6816505095209,42.0777112985518],[-87.6815286276292,42.0773833660949],[-87.6814460468257,42.0773993619467],[-87.6811291793842,42.0773183241309],[-87.6799775754336,42.0774596147793],[-87.6798565665183,42.077451379359],[-87.6793413658448,42.0771802035176],[-87.6793110100186,42.0772218788578],[-87.6798449467173,42.0775068822915],[-87.6804174987249,42.0774839002503],[-87.6809256197105,42.0783570295436],[-87.680836338963,42.0785100229873],[-87.6799205296102,42.0787116527232],[-87.679954634851,42.0787533522126],[-87.681186569935,42.0784809705687],[-87.6827237208882,42.0791819080073],[-87.68433671807,42.079989075142],[-87.6878893554119,42.0815526969469],[-87.693270655598,42.08406011991],[-87.6964302978103,42.0856880012753],[-87.6972657700062,42.0862500406145],[-87.6982558135455,42.0870600743367],[-87.6984996373979,42.0871766777188],[-87.6985083224983,42.087275515147],[-87.6991610620253,42.0876245440309],[-87.7001720331811,42.0882101710388],[-87.7000177724148,42.0883712246004],[-87.7000807376625,42.0884532105112],[-87.7002432755584,42.088548094429],[-87.7007695493332,42.0888353590376],[-87.7011304020035,42.0888544985235],[-87.7014483639803,42.0891816029245],[-87.7015677827966,42.0890973633247],[-87.7021056677615,42.0896544698252],[-87.7022465294256,42.0895441065525],[-87.7025018748464,42.089731255079],[-87.7026133877834,42.0897709721509],[-87.7036167956799,42.0903829395321],[-87.7034139271781,42.0905931255254],[-87.7036933378978,42.0907924091228],[-87.7038482111413,42.0906622257095],[-87.7060209657514,42.0918318112018],[-87.706792710036,42.0923814267494],[-87.7071755495323,42.0928831227],[-87.7069099845526,42.0931468265537],[-87.7082785492107,42.0938212884326],[-87.7081589781793,42.0939444667021],[-87.7094087867106,42.094474200303],[-87.7118438739171,42.096182096181],[-87.712824698371,42.0969567939395],[-87.712692556991,42.0970704758964],[-87.712800572765,42.0971401782194],[-87.7129292098628,42.0971261239815],[-87.7131414376374,42.0972778561762],[-87.7135820666575,42.0976707629649],[-87.7142774009835,42.0982058513423],[-87.7148367993642,42.0985827575563],[-87.7149257880696,42.0987387958776],[-87.7149933963909,42.098914785479],[-87.7148517929032,42.0990068087565],[-87.7150840940124,42.0991320616085],[-87.715128783657,42.0992256032964],[-87.7152292322793,42.099340026408],[-87.7150778963065,42.0994381718582],[-87.7150999455727,42.0994679617164],[-87.7152914690632,42.0993578555496],[-87.7155334475025,42.0996251690899],[-87.7154624028883,42.0996843002111],[-87.7157287179854,42.0999357940244],[-87.7160374564405,42.1000875256737],[-87.7163746355294,42.1002989230339],[-87.7163960489676,42.1003943971741],[-87.7165084536743,42.1003449208096],[-87.7171641064601,42.1008689731366],[-87.7173021354783,42.1011225184836],[-87.7174522510382,42.1013171294331],[-87.7175679330058,42.1013098608411],[-87.717862073431,42.1015909985068],[-87.7179539048618,42.1015971508099],[-87.7181705032732,42.1017998352242],[-87.7183069916907,42.1018321244926],[-87.7184857743526,42.1019920713935],[-87.7186935169327,42.1021820156955],[-87.7188663337763,42.1023398719336],[-87.7185663818638,42.1025403029084],[-87.7187829485531,42.1026275604436],[-87.7189564148098,42.1025513102894],[-87.7190906957987,42.1026693412837],[-87.7191875540282,42.1028468569525],[-87.7193407378618,42.1027722127559],[-87.7196269908566,42.103012999038],[-87.7196600133579,42.1031471241308],[-87.7201929630643,42.1035279787681],[-87.7201551039934,42.1036327399368],[-87.720300819169,42.1037835888027],[-87.7207422017988,42.1041313649437],[-87.7209067142766,42.1043155861075],[-87.7209761309285,42.1044017110244],[-87.7213066253573,42.1046417000962],[-87.7214375155633,42.1047300391869],[-87.7215413381303,42.1048549367225],[-87.7218406677561,42.1050549680182],[-87.7217755530503,42.1051201374038],[-87.7219591583403,42.105307374439],[-87.7220033248442,42.1054808337196],[-87.721857362284,42.1055706126942],[-87.7217966690245,42.1056310033978],[-87.7218292929172,42.1056634209259],[-87.7219167366997,42.1056714332763],[-87.7218978095741,42.1056277691707],[-87.7219497800016,42.1056122672646],[-87.7220042458711,42.1056007233337],[-87.7221858706017,42.1056826429922],[-87.7223129131823,42.105764271734],[-87.7224735249919,42.1060438287702],[-87.7226806696674,42.1061306857411],[-87.7230260410199,42.106454102281],[-87.7231441877472,42.1064068796293],[-87.7235646594386,42.1068011840046],[-87.7237809260976,42.1069700686839],[-87.7237147600598,42.1070247715244],[-87.7240434162164,42.1072668009734],[-87.7240160344988,42.1073121054201],[-87.7243273914045,42.1075329466],[-87.7246419225725,42.1078314972637],[-87.7245890911678,42.1079368664355],[-87.7245683762491,42.1080797948921],[-87.7246380109161,42.1081681483197],[-87.7246423050726,42.1080563473527],[-87.7248051629263,42.1080786497325],[-87.7249831461039,42.1081571154528],[-87.7250271894165,42.1082240658729],[-87.725061244855,42.1082756990467],[-87.7250875778194,42.1083159716944],[-87.7252003776495,42.1083946060655],[-87.7257475494174,42.1089343271664],[-87.7256763897023,42.108981286782],[-87.7258630422459,42.1091894576813],[-87.7260989421401,42.1093057886792],[-87.7262475262994,42.1094725953766],[-87.7262495893155,42.1095701947849],[-87.7263458404178,42.1096696645334],[-87.7261356518529,42.1097793471572],[-87.7262982458947,42.1098539561951],[-87.7265309052262,42.1099481445216],[-87.7267367259341,42.1101516130892],[-87.7269715147415,42.1103608941515],[-87.7270734553065,42.1106128646213],[-87.7267119070254,42.110749532896],[-87.7267275050826,42.1107804869289],[-87.7270294892839,42.1106582536472],[-87.7271655402339,42.110811443709],[-87.7270658418971,42.1108800350167],[-87.7271220847821,42.1110207978183],[-87.7271766916434,42.1109948454584],[-87.7274239111943,42.1112295745273],[-87.7273626966326,42.1112721284557],[-87.7275121461189,42.1113730786878],[-87.7275829903143,42.1113352062515],[-87.7279031192302,42.1116300041788],[-87.728009570871,42.1118926311101],[-87.7280464005194,42.1120404943907],[-87.7278601251744,42.1121298967266],[-87.7277261334449,42.1120744783488],[-87.7276104918867,42.1121239485011],[-87.727714717685,42.1122816006104],[-87.7278720441115,42.1122086821122],[-87.7281675454666,42.1124294290662],[-87.7288909837199,42.1130667952534],[-87.7292124172818,42.1132257614599],[-87.7293291576456,42.1134002858159],[-87.7293445808651,42.1134741157283],[-87.729734110287,42.1138124939261],[-87.730231763937,42.1144575820716],[-87.7304063534735,42.1147994587516],[-87.7298016638118,42.1150684640248],[-87.7298423352405,42.1151762138447],[-87.730014745953,42.1150920522147],[-87.7300793982248,42.1151730011834],[-87.729704062834,42.1153768376482],[-87.7302270320369,42.1158798781986],[-87.7305702756089,42.1156352239264],[-87.7306611435895,42.1158668948256],[-87.7305758571901,42.115921329599],[-87.730633341509,42.115980973526],[-87.7297674377131,42.1164420679058],[-87.7298846832879,42.116564112641],[-87.7301289862587,42.1164295623857],[-87.7308830858796,42.1168767023171],[-87.7323258859345,42.1179181220683],[-87.7328467517288,42.1183067432963],[-87.7335858058474,42.118741438016],[-87.7343783285349,42.1194437888393],[-87.7357945945491,42.1205754111055],[-87.7358672127457,42.120692586523],[-87.7359689856398,42.1209188215575],[-87.7358996241409,42.1209453872634],[-87.7366814777149,42.1215382440291],[-87.7367754205053,42.1217400834046],[-87.7366104010152,42.1219685321248],[-87.737558958515,42.1228189977651],[-87.7374368840128,42.1228898828655],[-87.7382146933653,42.1235250706004],[-87.7382594925005,42.1236369549125],[-87.738000185203,42.1237735025524],[-87.7390968416728,42.1247809676986],[-87.739024451445,42.12483547545],[-87.7396686710228,42.1254956874002],[-87.7393497719799,42.1256725771782],[-87.7402958336451,42.1263063918258],[-87.7407834582555,42.1269369745192],[-87.7406889756922,42.1269886250741],[-87.7406119684363,42.1270192703036],[-87.7404741302952,42.1271000246281],[-87.7413070960258,42.1277094067499],[-87.7415366094488,42.1281014581082],[-87.7413215831677,42.1281578041372],[-87.7413230062973,42.1282029181552],[-87.7415677624105,42.1283684856497],[-87.7418967593037,42.1287168001542],[-87.7415985778486,42.1288450945176],[-87.7424254210361,42.1297449717456],[-87.7422743088248,42.1298157123515],[-87.7429227583567,42.1303767956043],[-87.7426810460751,42.1304775989653],[-87.7431157973262,42.1308777351683],[-87.7429612824002,42.1309673250607],[-87.7437231471954,42.1316240027332],[-87.7437419934951,42.1316788106851],[-87.7437188492793,42.131764445842],[-87.7433008421014,42.1319672493099],[-87.7455153990014,42.1337055315685],[-87.7454927747613,42.1338098641037],[-87.7453694536318,42.1339145382069],[-87.7458945479572,42.134217366988],[-87.746949910851,42.1351629727811],[-87.7484647076336,42.1369677658028],[-87.7485164326019,42.1371563452741],[-87.7485130837703,42.1372698665177],[-87.7484577858221,42.1374194826584],[-87.7480053754533,42.1376773532456],[-87.747832662822,42.1377901818342],[-87.7478719196848,42.1378312010602],[-87.749163466536,42.1389385223951],[-87.7494839334065,42.1392474958623],[-87.7496674714141,42.1394866542343],[-87.7504199611054,42.1401288323066],[-87.7503235334186,42.1401902567348],[-87.7508438391592,42.1406717495548],[-87.7513747790921,42.1411755899522],[-87.7512976795365,42.1412149887004],[-87.7522425439088,42.1422951325064],[-87.7520567659638,42.1424500921252],[-87.7519753739917,42.1425807117633],[-87.7526725457865,42.1430034074291],[-87.7527258631596,42.143120474106],[-87.7527386931918,42.1432296180306],[-87.7524644812114,42.1433525732986],[-87.753148023552,42.1438305940625],[-87.7535531250652,42.1441128856605],[-87.7538015195157,42.1445466833355],[-87.7539667177171,42.1450061295498],[-87.7538155160101,42.1450840880192],[-87.754316891805,42.1455510624852],[-87.7542444571458,42.1455839694255],[-87.7546809112445,42.1459935024826],[-87.754704318806,42.1461309982678],[-87.7545638396078,42.1461954626676],[-87.7548370636435,42.1464350649095],[-87.7549728911288,42.1466791192052],[-87.754875835119,42.1467329978749],[-87.7552656764268,42.1471755661231],[-87.7551564446395,42.1472250959846],[-87.7557811973022,42.1478641933119],[-87.7563134738659,42.1484601167113],[-87.7565231096024,42.1488767340111],[-87.7566784093796,42.1492366517859],[-87.7564720401322,42.149323083294],[-87.7569430189859,42.1497929803021],[-87.7571339087904,42.149990315421],[-87.7572868971478,42.150199122449],[-87.7575702959009,42.1504634662343],[-87.7578516363971,42.1508535140941],[-87.7579172478784,42.1509382249377],[-87.7579579107293,42.1510800941819],[-87.7580381808819,42.1512259351847],[-87.7582493632644,42.1513720893753],[-87.7582527115525,42.1514350494599],[-87.7582699953818,42.1514862453664],[-87.7583318227672,42.1515308042127],[-87.758303573021,42.1515452407783],[-87.7589431250382,42.1522636311817],[-87.7666357362507,42.1523286407047],[-87.7729732963827,42.1523973292031],[-87.7949246231518,42.1525684720902],[-87.8427489751186,42.1528210072605],[-87.9171278099488,42.1531485498027],[-87.9669705643623,42.1535775100776],[-87.9882890291956,42.1536206208785],[-88.0148052703302,42.1536835798854],[-88.014805250551,42.1536875245185],[-88.0320600878508,42.1537548831035],[-88.0555188461385,42.1538403247515],[-88.0597379481216,42.1538592101574],[-88.0774686384326,42.1539234460036],[-88.0775114783712,42.1495812937561],[-88.0823687608387,42.149592192555],[-88.0824781205852,42.146586403255],[-88.1007555463277,42.1467777224441],[-88.1004787431095,42.1464034439731],[-88.1002846455792,42.1460385942895],[-88.0987178354011,42.1401999921708],[-88.0982276832697,42.1401993318936],[-88.0982392357362,42.1396304611848],[-88.0985411074331,42.1396324513731],[-88.0979537718843,42.1385581178737],[-88.0977095499864,42.1381115223458],[-88.0974987735855,42.1376571056092],[-88.0973578330152,42.1371995734294],[-88.0973053626043,42.1369329408459],[-88.0972305903867,42.1365288837853],[-88.0971228739272,42.1359371281815],[-88.0970640986453,42.1355694637472],[-88.0973578005909,42.1350979043036],[-88.0973965589721,42.1347748613249],[-88.0975862762066,42.1349402427941],[-88.0974719956959,42.1348132628922],[-88.0975006250348,42.1345495411084],[-88.0929982999375,42.1323152140899],[-88.0923153902575,42.1323041771615],[-88.068028524521,42.1214638727744],[-88.0680454644283,42.1176788737405],[-88.0778515120847,42.1177412587027],[-88.0778324783704,42.1207590939428],[-88.0787130394594,42.1209709785882],[-88.0787208515834,42.1213213893066],[-88.0851776985463,42.1213525142229],[-88.08517868608,42.1193871915758],[-88.0859340731807,42.1193850494975],[-88.0859584203881,42.1156719243193],[-88.0857646592618,42.1156802534268],[-88.0849014508775,42.1154026006765],[-88.0849073265904,42.1150187752948],[-88.0827856061855,42.1150037001865],[-88.0827896456941,42.1141535366863],[-88.0831523265946,42.1135982942987],[-88.0830958548862,42.1134904632119],[-88.0830413626769,42.113406476231],[-88.0829948665339,42.113339314597],[-88.0829167625289,42.1132264624473],[-88.0828289620683,42.1131192488881],[-88.0827112611583,42.1130008218419],[-88.0825495333785,42.1128903594077],[-88.082384946655,42.1128040733307],[-88.0822237254779,42.112740605145],[-88.0820548559058,42.1126891256491],[-88.0819225757721,42.1126466445698],[-88.0817086905795,42.1125619645942],[-88.0815339457026,42.112482000869],[-88.08135882142,42.1123816264122],[-88.0812363791513,42.1122981753691],[-88.0811369733085,42.1122142602971],[-88.0809949407521,42.1120757113824],[-88.0809252385269,42.1119946055915],[-88.0808519517833,42.111888108461],[-88.0807997795498,42.1118010383274],[-88.0807108190056,42.1115813103185],[-88.080679567668,42.1114464350207],[-88.0806457813881,42.1113118971483],[-88.0806508050202,42.111206944371],[-88.0806361191441,42.1110769077962],[-88.0806061316203,42.1109139076834],[-88.0804715927071,42.1105136510068],[-88.0778754787062,42.1105115026158],[-88.0777226199516,42.0941484407768],[-88.0777276476165,42.0924374674611],[-88.0777532428682,42.0891018235374],[-88.0776350636128,42.0886571773318],[-88.0782148535441,42.0887716644521],[-88.0972361365426,42.088857137923],[-88.0972685188887,42.10334808591],[-88.1068511389889,42.1033883228119],[-88.1068569487994,42.1069329264486],[-88.1069793650806,42.1070302424774],[-88.1045365823153,42.1070211102412],[-88.1045194776956,42.1104965476324],[-88.1069492623608,42.1105063406838],[-88.1071657407142,42.1104522275017],[-88.1118808442963,42.1104180318923],[-88.1118608832714,42.1107925703374],[-88.1020936570832,42.1107271675634],[-88.1020912407823,42.1124058982712],[-88.1023093743729,42.1124063376418],[-88.1023104794327,42.1142586425504],[-88.1069326895639,42.1142572216688],[-88.1068898091525,42.1177614177971],[-88.1068933503972,42.1178667315441],[-88.118905500162,42.1178393834021],[-88.12045397513,42.1178470688228],[-88.1216731209552,42.1178970037008],[-88.1217010126534,42.1070206050823],[-88.128023720959,42.1069224968357],[-88.1280691073271,42.1032771375597],[-88.1265676792545,42.1032878198511],[-88.1265841934027,42.0960065663484],[-88.1291001050765,42.095988432178],[-88.1295673939022,42.0947521606723],[-88.1296923267462,42.0943543074908],[-88.1297122095484,42.0943296453161],[-88.1299823507623,42.0944659603307],[-88.1305859410121,42.0946733549628],[-88.1306650927434,42.0946935614583],[-88.1306612481696,42.0924292778921],[-88.1313962934644,42.092423027238],[-88.1313933610145,42.0913874435901],[-88.13148073162,42.0914287597499],[-88.1321367232836,42.0914415744125],[-88.1325484489611,42.0920233720408],[-88.1320413307918,42.0924078670138],[-88.1313962934644,42.092423027238],[-88.1313822753475,42.0949546635989],[-88.1346861458886,42.0956061656976],[-88.1346861419494,42.0946481103253],[-88.1354593864563,42.0946587077661],[-88.135471896129,42.0944865331872],[-88.1356349101294,42.0942715689424],[-88.1356755511957,42.0937162891631],[-88.1374938851009,42.092942980202],[-88.1370457335675,42.092358565439],[-88.1362682532569,42.0913448083161],[-88.1355415343242,42.0913433865745],[-88.1355443125611,42.0905232295049],[-88.133533176179,42.0905259200258],[-88.1335242222508,42.0912512211407],[-88.1333173875204,42.091415339114],[-88.1333194593775,42.0914155142353],[-88.1332548080466,42.0914716568811],[-88.1332467492611,42.0914714713203],[-88.13260269236,42.09198213298],[-88.1322083447691,42.0914389557949],[-88.1332467492611,42.0914714713203],[-88.1333173875204,42.091415339114],[-88.1322718461984,42.0913826402137],[-88.1330924393722,42.0910419121284],[-88.133239228881,42.0912267131496],[-88.1335242222508,42.0912512211407],[-88.1335243955734,42.0911959951561],[-88.133283831803,42.0911753378489],[-88.1331581387344,42.0910185298483],[-88.1335252127705,42.0908622377064],[-88.1335254103116,42.0907992938003],[-88.132131627708,42.0913781067051],[-88.1314843857201,42.091365650424],[-88.1313933374732,42.0913222696728],[-88.1313776397935,42.0887940096189],[-88.1217204327223,42.0889196479582],[-88.1216883014509,42.0780115256484],[-88.1265225945015,42.0779639121359],[-88.1265229868473,42.0793320527014],[-88.130441453524,42.0793138350563],[-88.1313810048351,42.0793112044917],[-88.1313763874138,42.0815660452639],[-88.1412203678963,42.0815040514794],[-88.1413046973053,42.0814062601165],[-88.141318916727,42.0743222094795],[-88.1427855462593,42.074325854504],[-88.1431692972644,42.0743264910129],[-88.150842269709,42.0743314019918],[-88.1507857094222,42.0672369378014],[-88.160537305882,42.0672309383022],[-88.1604902524772,42.0683697000586],[-88.1614121545299,42.0683643958344],[-88.1654003068398,42.0694196044764],[-88.1653826611519,42.0713108289404],[-88.1653676051661,42.0730051621902],[-88.1702172980129,42.072896044672],[-88.1702535084099,42.0690021137979],[-88.1751336533605,42.0704084733766],[-88.1751165147482,42.0743435938048],[-88.1798571406991,42.0743445430095],[-88.1801644182895,42.0743641627251],[-88.1801616472122,42.0748464472521],[-88.1800999517655,42.0748463648938],[-88.1800921953101,42.0768266172155],[-88.1799706410551,42.0768269693762],[-88.1799622761787,42.0789624373007],[-88.1839434683027,42.0789819241121],[-88.1839071106647,42.0797595058801],[-88.1800807809656,42.0797527449728],[-88.179990125389,42.0891009726955],[-88.1800303235529,42.0909583112922],[-88.1800959506629,42.0954540240733],[-88.1805650482906,42.0954486466538],[-88.1805659736786,42.0959266465822],[-88.180102415012,42.095925514016],[-88.1799753058914,42.09601795968],[-88.1799359418316,42.1022229678561],[-88.1800194102412,42.1022781340857],[-88.1799109995674,42.1063594092853],[-88.1801512490005,42.1063494396541],[-88.1801557243663,42.1079347104645],[-88.1800101350212,42.1087087109893],[-88.1798204801324,42.1094155919877],[-88.1797773432184,42.1097287109847],[-88.1798569116372,42.1099723611949],[-88.1799671370519,42.1101114314107],[-88.1802335243068,42.1103488135087],[-88.1805935553739,42.1106300546275],[-88.1807759569718,42.1103524515968],[-88.1810772051413,42.1097880703006],[-88.1814574567328,42.1093181230866],[-88.1834132779979,42.1062582167606],[-88.183430966187,42.1031492808307],[-88.1853812221092,42.1031531839348],[-88.1882574125559,42.0985720516751],[-88.1883283699277,42.0984591162427],[-88.1883625770292,42.0984047907783],[-88.1884125013298,42.0983252731764],[-88.1884818406457,42.0982147367413],[-88.1885717501296,42.0980714677928],[-88.1886678996588,42.0979182590534],[-88.1887418606395,42.0978003533466],[-88.1888553550222,42.0976145793831],[-88.1889802114543,42.0973941745595],[-88.1890771295202,42.0972058068592],[-88.1891715888212,42.0969843345356],[-88.1895305473948,42.0960934469275],[-88.189567065297,42.0959326161949],[-88.1895744132398,42.0958400099362],[-88.1895792280527,42.0957474005022],[-88.189581510134,42.0956546163838],[-88.1895810284383,42.095562000312],[-88.1895780136465,42.0954693810655],[-88.1895826333885,42.0953611639589],[-88.1895865068885,42.0952774718648],[-88.1895837758294,42.09516118457],[-88.1895756762971,42.0950767914344],[-88.1895652983908,42.0949815903034],[-88.1895562762378,42.0948978820485],[-88.189547251009,42.094815545869],[-88.1895395846191,42.0947433304893],[-88.189530560983,42.0946603082677],[-88.1895224406603,42.0945851766434],[-88.1895147685133,42.0945155339043],[-88.1894994999265,42.0944446810719],[-88.1895017708342,42.0943568707147],[-88.1895010458064,42.0942700856623],[-88.1895005506696,42.0941834724068],[-88.1895037581721,42.0940888028126],[-88.1895200964459,42.0939919200406],[-88.1895464752158,42.0938336492011],[-88.1895901285038,42.0935716363275],[-88.1895084164347,42.0887651304274],[-88.1948066703865,42.0887567268433],[-88.1990197272781,42.0819757529776],[-88.199427010029,42.0813188289732],[-88.199979034052,42.0800327993633],[-88.2002365515746,42.0793122392033],[-88.2006374718089,42.0779378741447],[-88.2008193352372,42.0772784542243],[-88.2042522297129,42.0782332218692],[-88.2053338912902,42.0785328619088],[-88.2062712935291,42.0787925416442],[-88.2069024824235,42.0789486273751],[-88.2074287509112,42.0790752662551],[-88.2076874018439,42.0791359214661],[-88.2080546702319,42.0792212207343],[-88.2085303566269,42.0793158983533],[-88.2087952410533,42.0793686683551],[-88.2091402130032,42.0794373034184],[-88.2093956689391,42.0794850880219],[-88.2111425021306,42.079782302485],[-88.2118021572291,42.079872016944],[-88.2125617165338,42.0799700652974],[-88.2135236227182,42.0800811833405],[-88.2138055998404,42.0801080615137],[-88.21401691025,42.0801281766321],[-88.2144257258899,42.0801641036334],[-88.2148391458876,42.0802003769536],[-88.2150677239327,42.0802205079646],[-88.2153623667091,42.0802463663002],[-88.2159040035987,42.080293915702],[-88.2164035163567,42.0803378179131],[-88.2169824456751,42.0803886589164],[-88.2177637138068,42.0804573665292],[-88.2183559966624,42.0805092431131],[-88.2187981947166,42.0805482751678],[-88.2192231385075,42.0805804279398],[-88.22009926883,42.080647327318],[-88.2211273312579,42.0807260313746],[-88.2216146606669,42.0807632100765],[-88.2219281907063,42.0807871833219],[-88.2232511203224,42.0809013138833],[-88.2235894948535,42.0809378266911],[-88.2239796834733,42.0809673559504],[-88.2241263199094,42.0809789867904],[-88.2242354342786,42.0809874945889],[-88.2243767723016,42.0810010066883],[-88.2245095933552,42.0810136529849],[-88.2246946675202,42.0810316654324],[-88.2248597147258,42.0810479435478],[-88.2250903603045,42.0810744024406],[-88.2252563236948,42.0810935965297],[-88.2254105434235,42.0811139799097],[-88.2256257602879,42.0811426528538],[-88.2258448874969,42.0811735586942],[-88.2260304085209,42.0812001449349],[-88.2261896897856,42.0812229331482],[-88.2263109880413,42.0812427700458],[-88.2264656602989,42.081268297747],[-88.2266235553347,42.0812941712576],[-88.2268058449144,42.0813260700676],[-88.2269938852939,42.0813610611072],[-88.2271473943774,42.0813941332769],[-88.2272992894329,42.081428747345],[-88.227431158529,42.0814609415859],[-88.2275775266375,42.0814965792485],[-88.2277653163932,42.0815444320854],[-88.2279176541554,42.0815901939288],[-88.2280849784658,42.0816231060218],[-88.2283418377275,42.0816715357684],[-88.2288339203694,42.0817654581573],[-88.2291020515049,42.0818204138661],[-88.2294403803085,42.0818900109163],[-88.2299646696772,42.0820019662145],[-88.2303050636151,42.0820770509116],[-88.2306024143291,42.0821460932064],[-88.2310178299816,42.0822437108023],[-88.2314933071077,42.0823607608995],[-88.2318762613226,42.0824590326164],[-88.232449771614,42.082607894823],[-88.2328396328924,42.0827080560091],[-88.233212460082,42.0828068289254],[-88.2336230109635,42.0829287873334],[-88.2338172349584,42.0829901851795],[-88.234146305034,42.0830986932058],[-88.2343685976962,42.0831738352152],[-88.2347413893669,42.0832988442372],[-88.2349075315538,42.0833569574062],[-88.2351903390724,42.0834578762834],[-88.2356609095587,42.0836325324295],[-88.2365682160706,42.0839797522688],[-88.237046595685,42.0841720748843],[-88.2375730556565,42.0843930778818],[-88.2375670003352,42.0669823300368],[-88.2382929781964,42.0669873928021],[-88.2382938705679,42.0668520713475],[-88.2237213299003,42.0668063201695],[-88.2226027630909,42.0670129462465],[-88.2132287641042,42.0669834524803],[-88.2132628857598,42.0668320439666],[-88.2079697172102,42.0668214104111],[-88.2079547278097,42.0661336348732],[-88.212171524646,42.0661498267595],[-88.2127688869406,42.0661207844324],[-88.2133634901429,42.0660898494903],[-88.2134580562356,42.0658644112953],[-88.21465557933,42.0657829875269],[-88.2158757090937,42.0649237717718],[-88.2182190949101,42.0649201432281],[-88.2188933233262,42.0654020775342],[-88.2192918920032,42.0655820463361],[-88.2202221067209,42.0650178379484],[-88.2202250345256,42.0629792599502],[-88.2189959914781,42.0628303710459],[-88.2191156265387,42.0623447706261],[-88.2193242940818,42.0618803543884],[-88.2193046546499,42.0619226981337],[-88.2192298690466,42.0619133622049],[-88.2186949130202,42.0618198700654],[-88.218328901162,42.0617236291535],[-88.2181202677263,42.06165618753],[-88.2177533665911,42.0615436503268],[-88.2172309812764,42.0613750421245],[-88.2166342922535,42.0611874897829],[-88.2162195050982,42.0610850181275],[-88.2157952398197,42.0610058607862],[-88.2155782585922,42.0609747663561],[-88.2153320508135,42.0609419263586],[-88.2150333579718,42.0609141770815],[-88.2148041456304,42.0609010772543],[-88.2144580009369,42.0608947163626],[-88.2142743470109,42.0608885231032],[-88.2141408535048,42.0608897566344],[-88.2130961507985,42.0608998151606],[-88.2130862739501,42.0606452822101],[-88.2134683340477,42.0606449958173],[-88.2158320699565,42.0590057347364],[-88.2165065411182,42.0575533798285],[-88.2230195980176,42.0577165859674],[-88.2236857822038,42.0544228346044],[-88.2282925867481,42.0542928497712],[-88.2264023235313,42.0567308532533],[-88.2251989477534,42.0572511201705],[-88.2259731292095,42.0579481828035],[-88.2261461960423,42.0578133651832],[-88.2264681586286,42.0583695334624],[-88.2262876156073,42.0584331674073],[-88.2259755521328,42.05855927973],[-88.2258081060169,42.0586351024677],[-88.2256899435449,42.0586919334436],[-88.2255743075736,42.0587516823606],[-88.2254618911549,42.0588128062766],[-88.2253522351538,42.0588746187238],[-88.2252619222858,42.0589301033648],[-88.2251501799834,42.0590004892155],[-88.2250158497672,42.059090234412],[-88.2249192974382,42.0591602913481],[-88.2248019986075,42.0592495378446],[-88.2246814469236,42.0593566183091],[-88.2246275037536,42.0594080206007],[-88.224559498411,42.0594727874164],[-88.2244541473656,42.059573193105],[-88.2241240399606,42.0598819427011],[-88.2238739039628,42.0601261079008],[-88.223548160876,42.0604365750837],[-88.2232263334949,42.060743443346],[-88.223032917395,42.0609252310026],[-88.2229401471815,42.0614664310973],[-88.2229159657755,42.0625376665237],[-88.2229836904044,42.0633024997869],[-88.2231844358195,42.0650100855529],[-88.2237322342704,42.0650166128759],[-88.2237178637163,42.0661451418632],[-88.2377631763485,42.0661727899987],[-88.2383075337765,42.0661792448885],[-88.2433900296513,42.0661994625495],[-88.2432990897803,42.0566012822324],[-88.2432476935763,42.05632836737],[-88.2433422727569,42.048998213774],[-88.2421069607663,42.049038915881],[-88.2421613167868,42.0527058749731],[-88.2383672986352,42.0527949001107],[-88.2383174389756,42.0569113034811],[-88.2376151760041,42.0569758942588],[-88.2366449264844,42.0571052580787],[-88.2366457078735,42.057197017288],[-88.2360062206438,42.0572935521864],[-88.2355643999396,42.0574068886678],[-88.235307067923,42.0574265644828],[-88.2339968974804,42.0529680290703],[-88.2338758411397,42.0529735841107],[-88.2305189934635,42.05309188474],[-88.2305090623948,42.0522578157046],[-88.2298408745521,42.0493619295673],[-88.2327535193446,42.049316838705],[-88.2327543602792,42.0496590049604],[-88.2335450657296,42.0496434015417],[-88.2335015034985,42.0504230550393],[-88.2336077378012,42.0504747723571],[-88.2334470051949,42.051719462984],[-88.2345459616183,42.0516461496528],[-88.2345087448171,42.0493783924513],[-88.2351464962721,42.0493129078524],[-88.2351498112566,42.048505091256],[-88.2340366588547,42.0487157789025],[-88.2340372837194,42.0468368699737],[-88.2309888075448,42.0468523724213],[-88.2291429453883,42.0466792000407],[-88.2291578640415,42.0493786343366],[-88.2276935641955,42.0494230895176],[-88.2276882325692,42.0465300272702],[-88.2276871031938,42.0462394855324],[-88.2277154902874,42.0443825549101],[-88.2250755318839,42.0445462901029],[-88.2250785634507,42.0442514643736],[-88.222788145587,42.0442690051206],[-88.2220212252459,42.0442725517132],[-88.2216974573751,42.0450731967924],[-88.2212070635174,42.0453636025488],[-88.2205298127063,42.0452691220683],[-88.220118017535,42.0452210363762],[-88.2190564789973,42.04513954541],[-88.2188172027366,42.0451238708789],[-88.2184193995325,42.0451015198002],[-88.2184099663663,42.0451009958205],[-88.2180142343485,42.0450786454113],[-88.217378899309,42.0450942989287],[-88.2153956374633,42.0451094293647],[-88.2131538696825,42.0487194813749],[-88.2131334541282,42.0480749195581],[-88.2143933031464,42.0461057352638],[-88.2131633114631,42.0461516197691],[-88.2130496851746,42.0312431762443],[-88.2130786470812,42.030401768298],[-88.2130920717565,42.0301141565657],[-88.2138421040694,42.0300705181732],[-88.2154186614512,42.0299179591729],[-88.2159306382467,42.0298497076145],[-88.2168474978195,42.0296528882566],[-88.2174022388182,42.0294692458588],[-88.2176237036004,42.0293795969668],[-88.2178251894333,42.0292703751594],[-88.2179746338423,42.0291894002086],[-88.2182184898425,42.0290560370693],[-88.218413988231,42.0289492093868],[-88.2185650250798,42.0288773254007],[-88.2188733143971,42.0287304758086],[-88.2192349955614,42.0285703005214],[-88.2194681704666,42.0284897498392],[-88.2195793485531,42.0284512698371],[-88.2197204402121,42.0284080169986],[-88.2199727016946,42.0283305713981],[-88.2201731487161,42.0282841178746],[-88.2203185906004,42.0282520168789],[-88.2206080685487,42.0282020484634],[-88.2209161695124,42.0281575859472],[-88.2212368935464,42.028129428588],[-88.221750407053,42.0269075615471],[-88.2232760415426,42.02794856989],[-88.2234549825425,42.0276981620238],[-88.222922959129,42.0272685280038],[-88.221755395206,42.0265544227476],[-88.2211418298737,42.0261996519434],[-88.2194029911164,42.0251836158179],[-88.2187568295223,42.024805817184],[-88.2174678534253,42.0238663511336],[-88.2172960034201,42.0237521218605],[-88.2165839668508,42.0233118138134],[-88.2153157657763,42.0226150344507],[-88.2145542642168,42.0221949013207],[-88.2143092344505,42.0221042605008],[-88.2143048574125,42.0221078577215],[-88.2143083150227,42.0221039165228],[-88.2143092344505,42.0221042605008]]],[[[-87.7219478597015,41.513572091621],[-87.7219534257998,41.5143386727134],[-87.7212194935709,41.5143399145344],[-87.7212103092518,41.5135707412655],[-87.7190102107695,41.5135665573437],[-87.7190197876907,41.5151120611993],[-87.7193841580156,41.5152899929815],[-87.7193902820675,41.5161150673834],[-87.7188532698115,41.5161173451389],[-87.7188457801301,41.515292606475],[-87.7182194032679,41.5151168739863],[-87.7165275088674,41.51510969915],[-87.7165776841421,41.5142235200015],[-87.715592692757,41.5142280104692],[-87.7155922150202,41.513558197384],[-87.7134025775425,41.513653619195],[-87.7134908801387,41.5205676332993],[-87.7148586063679,41.5205741392914],[-87.7148580467341,41.5197460078219],[-87.7163080817406,41.5197352719667],[-87.7163112274237,41.520581427583],[-87.7226583053157,41.5206086166489],[-87.7226872399237,41.5135972891338],[-87.7219478597015,41.513572091621]]],[[[-87.7183778730896,41.5221710524626],[-87.716462900744,41.5221781206739],[-87.7158537603858,41.5227758791978],[-87.7134446540783,41.5232351301326],[-87.7134680300002,41.5277210048734],[-87.7136541552531,41.5278065702653],[-87.7184245531118,41.5278236004557],[-87.7184200027448,41.5271470776183],[-87.7183778730896,41.5221710524626]]],[[[-88.1069599645863,42.0888499754048],[-88.1069398243796,42.0961325991383],[-88.1118345956067,42.0961112794124],[-88.1118549148403,42.0891457773364],[-88.1107226575416,42.0889031292015],[-88.1069599645863,42.0888499754048]]]]},"properties":{"OBJECTID":1,"Shape__Area":24733319258.7168,"Shape__Length":1449367.94688771,"number":1},"id":1}
]}